"STATEFP","COUNTYFP","TRACTCE","POPULATION","LATITUDE","LONGITUDE"
51,1,90101,1799,37.932981,-75.36084
51,1,90102,1545,37.922945,-75.38246
51,1,90201,3990,37.974217,-75.453185
51,1,90202,3046,37.926863,-75.533091
51,1,90300,2093,37.87235,-75.623229
51,1,90401,2455,37.82204,-75.581948
51,1,90402,3281,37.7411,-75.639246
51,1,90500,2721,37.775645,-75.666466
51,1,90600,3900,37.728693,-75.78104
51,1,90700,5220,37.639622,-75.782584
51,1,90800,3362,37.589653,-75.766489
51,1,980100,1,37.922038,-75.333544
51,1,980200,0,37.900687,-75.452709
51,1,990100,0,37.595224,-75.541242
51,1,990200,0,37.731332,-76.047814
51,3,10100,5147,38.166037,-78.595449
51,3,10201,5550,38.166938,-78.4281
51,3,10202,3238,38.120642,-78.508035
51,3,10301,1939,38.132312,-78.445127
51,3,10302,1450,38.103844,-78.440324
51,3,10303,5685,38.121073,-78.432339
51,3,10401,4201,38.076351,-78.343383
51,3,10402,3605,37.991121,-78.382652
51,3,10501,3004,38.04679,-78.432087
51,3,10502,3371,38.031685,-78.444245
51,3,10602,4409,38.062139,-78.459179
51,3,10603,2391,38.072407,-78.473294
51,3,10604,4029,38.083803,-78.461363
51,3,10701,2862,38.071049,-78.493341
51,3,10702,3763,38.079439,-78.487467
51,3,10801,3598,38.063565,-78.504569
51,3,10802,2404,38.07304,-78.508342
51,3,10901,1746,38.049075,-78.514559
51,3,10904,6163,38.035917,-78.513763
51,3,11000,6612,38.060876,-78.586321
51,3,11101,2884,38.071019,-78.683632
51,3,11102,3286,38.061302,-78.688125
51,3,11103,4608,38.06312,-78.713331
51,3,11201,4208,38.010974,-78.732145
51,3,11202,4043,37.991608,-78.572223
51,3,11301,5127,37.933373,-78.491558
51,3,11302,5151,38.006862,-78.521357
51,3,11303,3791,38.002423,-78.496618
51,3,11400,4130,37.82495,-78.59386
51,5,70100,3662,37.819937,-79.821473
51,5,80100,3198,37.815107,-79.799253
51,5,80201,2790,37.83862,-79.952401
51,5,80202,2381,37.721846,-80.025038
51,5,80301,1854,37.849132,-80.048656
51,5,80302,1338,37.727756,-80.157258
51,7,930101,2634,37.346674,-78.118598
51,7,930102,4475,37.406087,-77.963356
51,7,930200,6156,37.292357,-77.919867
51,9,10100,5103,37.64068,-79.122708
51,9,10201,4398,37.579349,-79.074899
51,9,10202,2223,37.550829,-79.000328
51,9,10300,3638,37.506992,-79.176757
51,9,10401,3356,37.497174,-79.100236
51,9,10402,3089,37.475095,-79.110942
51,9,10504,4183,37.444711,-79.105479
51,9,10505,1045,37.417856,-79.12748
51,9,10506,1585,37.446296,-79.13065
51,9,10600,2687,37.453629,-79.067076
51,11,40101,3683,37.330855,-78.859983
51,11,40102,3524,37.371301,-78.836817
51,11,40200,4535,37.427012,-78.89312
51,11,40300,4377,37.306694,-78.759835
51,13,100100,5125,38.895751,-77.156973
51,13,100200,6660,38.903164,-77.141369
51,13,100300,6199,38.916131,-77.129745
51,13,100400,3780,38.910486,-77.106878
51,13,100500,5029,38.901006,-77.113125
51,13,100600,3285,38.89423,-77.109565
51,13,100700,5827,38.892628,-77.119956
51,13,100800,1596,38.894204,-77.127675
51,13,100900,4406,38.886026,-77.132868
51,13,101000,3319,38.888573,-77.140883
51,13,101100,5948,38.885467,-77.153261
51,13,101200,3897,38.87342,-77.139352
51,13,101300,6940,38.874376,-77.121666
51,13,101401,1938,38.882067,-77.117097
51,13,101402,2878,38.884484,-77.112519
51,13,101405,2176,38.881288,-77.106539
51,13,101406,3641,38.883026,-77.103543
51,13,101407,3812,38.881442,-77.109064
51,13,101408,788,38.878857,-77.109813
51,13,101409,2120,38.88119,-77.112614
51,13,101501,3136,38.896689,-77.090005
51,13,101502,3284,38.890334,-77.093189
51,13,101503,1793,38.890166,-77.100941
51,13,101601,1362,38.899062,-77.080639
51,13,101602,1654,38.894376,-77.083789
51,13,101603,4482,38.896174,-77.0754
51,13,101701,5507,38.890049,-77.081498
51,13,101703,2352,38.889037,-77.074948
51,13,101704,1990,38.892589,-77.069654
51,13,101705,4175,38.892688,-77.075944
51,13,101801,3399,38.885686,-77.092983
51,13,101803,4722,38.879427,-77.08785
51,13,101804,2215,38.886516,-77.087677
51,13,101805,3760,38.888386,-77.085835
51,13,101900,3183,38.879571,-77.097591
51,13,102001,2802,38.875426,-77.110569
51,13,102002,1243,38.878811,-77.104951
51,13,102003,4820,38.872371,-77.107381
51,13,102100,2325,38.863238,-77.125069
51,13,102200,7880,38.856873,-77.118019
51,13,102301,1734,38.866209,-77.104929
51,13,102302,4668,38.860597,-77.103182
51,13,102400,3617,38.870109,-77.088328
51,13,102500,5291,38.865638,-77.083068
51,13,102600,3688,38.856972,-77.09429
51,13,102701,3579,38.856057,-77.102331
51,13,102702,1912,38.850782,-77.098296
51,13,102802,1317,38.84551,-77.104492
51,13,102803,2748,38.85207,-77.107234
51,13,102804,5339,38.852715,-77.114974
51,13,102901,2904,38.840172,-77.100257
51,13,102903,1625,38.841484,-77.09576
51,13,102904,3125,38.839641,-77.090746
51,13,103000,3390,38.832912,-77.089298
51,13,103100,6207,38.850137,-77.085268
51,13,103200,5520,38.86112,-77.083124
51,13,103300,2492,38.863251,-77.074613
51,13,103401,923,38.879015,-77.08159
51,13,103403,1328,38.842978,-77.051118
51,13,103404,1438,38.860526,-77.048277
51,13,103405,3874,38.854744,-77.050749
51,13,103501,3535,38.862217,-77.065195
51,13,103503,5102,38.860809,-77.053704
51,13,103504,2571,38.861837,-77.055537
51,13,103505,3813,38.861746,-77.060064
51,13,103601,2612,38.853873,-77.059615
51,13,103602,1241,38.855602,-77.054339
51,13,103700,2626,38.850804,-77.064038
51,13,103800,4964,38.846938,-77.074071
51,13,980100,12,38.884616,-77.065213
51,13,980200,0,38.850179,-77.039844
51,15,70100,3973,38.105084,-79.364856
51,15,70200,3788,38.320987,-79.096517
51,15,70300,6450,38.276848,-78.946679
51,15,70400,5436,38.19604,-78.849337
51,15,70500,5189,38.118437,-78.859251
51,15,70601,2724,38.087212,-78.946282
51,15,70602,3646,38.110154,-79.000699
51,15,70603,4328,38.117687,-78.965623
51,15,70701,4800,38.205536,-79.021179
51,15,70702,2250,38.183355,-78.969562
51,15,70801,2293,38.21072,-79.136533
51,15,70802,4036,38.199422,-79.186547
51,15,70900,5176,38.098949,-79.099618
51,15,71000,5968,37.996837,-79.17155
51,15,71101,4817,38.045773,-79.019204
51,15,71102,6333,38.012845,-79.04461
51,15,71201,2110,37.989858,-78.953591
51,15,71202,4170,38.034392,-78.966228
51,17,920101,2112,38.047084,-79.67023
51,17,920102,2097,37.990536,-79.84818
51,19,30101,7719,37.431961,-79.277149
51,19,30103,7788,37.383485,-79.279245
51,19,30104,4450,37.348082,-79.276439
51,19,30202,6024,37.247303,-79.39996
51,19,30203,4724,37.337585,-79.314649
51,19,30204,4365,37.352728,-79.372557
51,19,30300,3620,37.464783,-79.448247
51,19,30401,2925,37.37634,-79.552661
51,19,30403,3347,37.325168,-79.596109
51,19,30404,3480,37.301242,-79.494147
51,19,30501,4190,37.195049,-79.583552
51,19,30503,2439,37.091792,-79.583922
51,19,30504,2858,37.167782,-79.657434
51,19,30601,3336,37.222978,-79.729561
51,19,30602,3610,37.252998,-79.816121
51,19,30603,2690,37.284321,-79.771537
51,19,30604,2595,37.30574,-79.718005
51,19,30605,3161,37.386659,-79.718396
51,19,50101,2932,37.329493,-79.525933
51,19,50102,3209,37.344574,-79.517693
51,21,40100,3646,37.167019,-81.004111
51,21,40200,2624,37.126539,-81.202742
51,23,40100,3343,37.65033,-79.814315
51,23,40200,4219,37.523144,-79.707814
51,23,40301,3002,37.498947,-79.858422
51,23,40303,4193,37.417604,-79.922903
51,23,40304,3908,37.464216,-79.934983
51,23,40401,2236,37.428987,-79.845749
51,23,40402,5030,37.360501,-79.898914
51,23,40501,6360,37.365645,-79.843813
51,23,40502,1305,37.34924,-79.821802
51,25,930100,3382,36.89228,-77.869647
51,25,930201,2101,36.802389,-77.815186
51,25,930202,1595,36.780268,-77.818275
51,25,930203,3848,36.758075,-77.837181
51,25,930301,1604,36.620906,-77.803932
51,25,930302,3319,36.64981,-77.967779
51,27,10100,4401,37.345612,-82.037948
51,27,10200,2558,37.385858,-82.12475
51,27,10300,2852,37.258021,-82.180707
51,27,10400,2032,37.278986,-82.026
51,27,10500,1184,37.259574,-81.851997
51,27,10600,3951,37.19901,-81.991572
51,27,10700,3377,37.139704,-82.105997
51,29,930101,3791,37.686293,-78.549372
51,29,930102,2927,37.650782,-78.345123
51,29,930201,5526,37.534822,-78.443941
51,29,930202,4580,37.501882,-78.570931
51,31,20101,5718,37.346971,-79.052556
51,31,20102,4635,37.271629,-79.026111
51,31,20200,5655,37.320473,-79.162914
51,31,20300,3938,37.34297,-79.252709
51,31,20401,5253,37.327687,-79.233879
51,31,20402,3422,37.324313,-79.264655
51,31,20403,6119,37.290039,-79.268485
51,31,20500,7065,37.246853,-79.18327
51,31,20600,3604,37.154126,-79.281142
51,31,20700,3378,37.120051,-79.290837
51,31,20800,3321,37.145285,-79.076333
51,31,20900,3588,37.102069,-78.932388
51,33,30100,4130,38.147387,-77.335813
51,33,30201,2870,37.943718,-77.410353
51,33,30202,1812,37.979313,-77.227004
51,33,30300,3383,38.037612,-77.349067
51,33,30400,1854,38.073801,-77.503172
51,33,30501,4648,38.026096,-77.54398
51,33,30502,6450,37.996788,-77.545791
51,33,30503,2346,37.978429,-77.465793
51,33,30600,3394,37.865936,-77.388067
51,35,80100,3656,36.820242,-80.713536
51,35,80200,4724,36.760776,-80.783565
51,35,80300,4689,36.750421,-80.910605
51,35,80401,2797,36.694016,-80.84657
51,35,80402,2568,36.658356,-80.802528
51,35,80501,2493,36.726468,-80.564179
51,35,80502,2180,36.723421,-80.675004
51,35,80601,1846,36.613438,-80.820731
51,35,80603,2511,36.607763,-80.688201
51,35,80604,1691,36.590578,-80.644858
51,36,600100,2583,37.401142,-77.182241
51,36,600200,2180,37.398111,-77.105994
51,36,600300,2010,37.344625,-76.992768
51,37,930101,3003,37.04697,-78.511924
51,37,930102,2732,37.130825,-78.685419
51,37,930200,2663,37.049622,-78.747528
51,37,930300,3131,36.87982,-78.596086
51,41,100106,3138,37.516601,-77.549487
51,41,100107,2423,37.505938,-77.536253
51,41,100206,6726,37.454986,-77.530438
51,41,100208,2616,37.459975,-77.57024
51,41,100209,6716,37.477206,-77.544723
51,41,100210,2243,37.487738,-77.523895
51,41,100211,3419,37.466773,-77.513129
51,41,100212,4585,37.458908,-77.505508
51,41,100300,2848,37.454603,-77.450079
51,41,100403,7006,37.364494,-77.360462
51,41,100404,2532,37.428855,-77.436252
51,41,100405,2257,37.438289,-77.446716
51,41,100406,1451,37.422374,-77.44244
51,41,100407,4100,37.392931,-77.43476
51,41,100409,7250,37.370608,-77.432361
51,41,100410,2352,37.358826,-77.451836
51,41,100505,5780,37.346749,-77.433655
51,41,100506,6951,37.331043,-77.418804
51,41,100507,6822,37.312624,-77.440756
51,41,100508,5083,37.306853,-77.419849
51,41,100509,7164,37.332253,-77.367593
51,41,100510,3871,37.328494,-77.32997
51,41,100600,4377,37.239163,-77.4209
51,41,100701,6209,37.243165,-77.444663
51,41,100702,2118,37.255882,-77.462112
51,41,100704,5116,37.26148,-77.570815
51,41,100705,2948,37.29945,-77.537811
51,41,100804,5085,37.450465,-77.466144
51,41,100805,5369,37.42992,-77.482172
51,41,100806,4199,37.434387,-77.462049
51,41,100807,2334,37.420082,-77.463003
51,41,100812,5908,37.433642,-77.565155
51,41,100814,3935,37.406082,-77.493417
51,41,100815,4688,37.403293,-77.469971
51,41,100816,4583,37.386294,-77.472338
51,41,100817,3440,37.381156,-77.498458
51,41,100818,4127,37.430037,-77.541175
51,41,100819,7197,37.439402,-77.507427
51,41,100820,3709,37.421348,-77.511741
51,41,100821,4721,37.361227,-77.564297
51,41,100822,6011,37.337087,-77.507425
51,41,100823,6508,37.364214,-77.480525
51,41,100902,3978,37.530505,-77.571105
51,41,100907,3145,37.505699,-77.564715
51,41,100910,5705,37.475969,-77.583628
51,41,100912,6247,37.436152,-77.650596
51,41,100915,4171,37.510627,-77.632865
51,41,100919,6942,37.449963,-77.606786
51,41,100920,1766,37.515471,-77.603497
51,41,100921,6425,37.519812,-77.587966
51,41,100922,5308,37.495219,-77.582372
51,41,100923,2786,37.486458,-77.559144
51,41,100924,5379,37.521049,-77.678702
51,41,100926,6819,37.543634,-77.624865
51,41,100928,7858,37.485328,-77.66788
51,41,100929,6532,37.480883,-77.644961
51,41,100930,3412,37.488664,-77.634265
51,41,100931,5845,37.484605,-77.613984
51,41,100932,3521,37.468905,-77.613689
51,41,100933,2473,37.420519,-77.617226
51,41,100934,6995,37.426166,-77.59591
51,41,100935,4025,37.537459,-77.662187
51,41,100936,4038,37.521366,-77.639673
51,41,100937,4252,37.453904,-77.662296
51,41,100938,7835,37.463856,-77.695317
51,41,101003,11552,37.421441,-77.733385
51,41,101004,5020,37.341815,-77.692983
51,41,101007,6395,37.418961,-77.674582
51,41,101008,5749,37.414524,-77.698485
51,41,101009,8778,37.390102,-77.698934
51,41,101011,3170,37.392948,-77.653803
51,41,101012,5575,37.407344,-77.641654
51,41,101013,3754,37.395106,-77.622458
51,41,101014,2703,37.365479,-77.637965
51,41,101015,6480,37.377323,-77.663667
51,43,10101,4595,39.15193,-77.981911
51,43,10102,4170,39.172295,-77.984016
51,43,10200,3118,39.086239,-78.058445
51,43,10300,2900,39.078511,-77.924479
51,45,50100,4892,37.47542,-80.173756
51,47,930101,4385,38.526806,-78.009989
51,47,930103,5342,38.648221,-77.964978
51,47,930104,3207,38.586865,-77.932526
51,47,930202,6283,38.510094,-78.10059
51,47,930203,6844,38.477136,-78.021001
51,47,930204,1520,38.467408,-78.00695
51,47,930300,7819,38.487547,-77.980899
51,47,930400,5143,38.45728,-77.871153
51,47,930501,5742,38.412507,-78.055046
51,47,930502,6267,38.44923,-78.003013
51,49,930101,3283,37.610514,-78.167553
51,49,930102,2929,37.436989,-78.249176
51,49,930200,3463,37.396445,-78.352838
51,51,40100,3910,37.20231,-82.296461
51,51,40200,2633,37.181114,-82.457813
51,51,40300,4851,37.129678,-82.431826
51,51,40400,2730,37.046879,-82.326044
51,53,840101,2481,37.104235,-77.779728
51,53,840102,3084,36.97474,-77.644674
51,53,840200,4449,37.195984,-77.60669
51,53,840300,6482,37.209358,-77.485619
51,53,840400,798,37.21446,-77.459778
51,53,840500,3949,37.162374,-77.479957
51,53,840601,3662,37.101797,-77.585737
51,53,840602,3042,37.064514,-77.488695
51,53,980100,0,37.054014,-77.880389
51,57,950600,3527,37.971049,-76.998887
51,57,950700,3912,37.914552,-76.876133
51,57,950800,3160,37.832138,-76.823804
51,59,415100,3633,38.779515,-77.070073
51,59,415200,3218,38.77412,-77.057084
51,59,415300,3908,38.766494,-77.071037
51,59,415401,5352,38.756772,-77.078297
51,59,415402,2801,38.750365,-77.071991
51,59,415500,6306,38.738847,-77.071358
51,59,415600,2754,38.748687,-77.052354
51,59,415700,4187,38.723854,-77.052139
51,59,415800,5047,38.723896,-77.068248
51,59,415900,3216,38.724603,-77.088506
51,59,416000,5569,38.724961,-77.105391
51,59,416100,4129,38.708098,-77.110509
51,59,416200,5201,38.696982,-77.134994
51,59,416300,2025,38.657306,-77.184847
51,59,420100,4106,38.783918,-77.167923
51,59,420201,3732,38.78712,-77.145726
51,59,420202,1943,38.792425,-77.13968
51,59,420203,2718,38.790843,-77.127961
51,59,420300,6184,38.795865,-77.103542
51,59,420400,3835,38.794056,-77.066375
51,59,420501,980,38.788785,-77.069083
51,59,420502,2516,38.790951,-77.06908
51,59,420503,3505,38.789524,-77.074391
51,59,420600,4911,38.786438,-77.081371
51,59,420700,4241,38.785823,-77.105703
51,59,420800,3640,38.77941,-77.096591
51,59,421001,2855,38.773267,-77.15595
51,59,421002,5348,38.768976,-77.170929
51,59,421101,5912,38.751793,-77.171287
51,59,421102,3514,38.756577,-77.155667
51,59,421103,5913,38.738749,-77.169158
51,59,421200,2024,38.749517,-77.134574
51,59,421300,3658,38.764764,-77.105606
51,59,421400,8188,38.766408,-77.088644
51,59,421500,7103,38.747267,-77.090677
51,59,421600,6409,38.740091,-77.097368
51,59,421701,4517,38.732532,-77.108967
51,59,421702,4000,38.73952,-77.1131
51,59,421800,5933,38.723943,-77.125651
51,59,421900,2916,38.723718,-77.138667
51,59,422000,3979,38.713098,-77.193785
51,59,422101,6872,38.710549,-77.209193
51,59,422102,6677,38.697954,-77.215386
51,59,422201,4071,38.715973,-77.231813
51,59,422202,6444,38.704289,-77.229217
51,59,422301,3133,38.77972,-77.127478
51,59,422302,5788,38.771845,-77.145553
51,59,422401,2447,38.761218,-77.145851
51,59,422402,5236,38.762585,-77.136186
51,59,422403,3024,38.768815,-77.124634
51,59,430101,4718,38.810093,-77.317028
51,59,430102,3117,38.802802,-77.302668
51,59,430201,4379,38.806811,-77.2963
51,59,430202,4949,38.816185,-77.285794
51,59,430203,2679,38.819324,-77.300025
51,59,430400,7217,38.803483,-77.235029
51,59,430500,1716,38.795999,-77.211029
51,59,430600,7152,38.788597,-77.189137
51,59,430700,2923,38.785844,-77.200016
51,59,430801,4629,38.783676,-77.224884
51,59,430802,4276,38.791246,-77.23127
51,59,430901,4326,38.783472,-77.24479
51,59,430902,3415,38.790579,-77.259437
51,59,431001,4948,38.781786,-77.267426
51,59,431002,2368,38.776693,-77.255547
51,59,431300,4419,38.766453,-77.245347
51,59,431400,4405,38.768329,-77.230389
51,59,431500,5733,38.767564,-77.217235
51,59,431601,1908,38.766569,-77.205417
51,59,431602,6485,38.768633,-77.193102
51,59,431801,4263,38.800982,-77.276487
51,59,431802,3259,38.809489,-77.26985
51,59,431900,3173,38.799634,-77.257197
51,59,432000,3393,38.795407,-77.318012
51,59,432100,3573,38.789727,-77.307807
51,59,432201,2393,38.791617,-77.298996
51,59,432202,4741,38.790914,-77.286327
51,59,432300,5127,38.78113,-77.289118
51,59,432401,3615,38.766966,-77.278389
51,59,432402,5100,38.764303,-77.266861
51,59,432500,5758,38.755993,-77.252098
51,59,432600,4967,38.747626,-77.233461
51,59,432701,3132,38.747496,-77.219838
51,59,432702,4502,38.733636,-77.214468
51,59,432800,2225,38.730602,-77.205923
51,59,440100,7503,38.850965,-77.260499
51,59,440201,4133,38.870825,-77.227385
51,59,440202,6032,38.855701,-77.2337
51,59,440300,2765,38.843763,-77.230123
51,59,440501,5006,38.828383,-77.274685
51,59,440503,6817,38.830303,-77.306359
51,59,440504,643,38.844486,-77.311357
51,59,440505,1346,38.83168,-77.29349
51,59,440600,3002,38.841208,-77.32903
51,59,440701,2895,38.814748,-77.254704
51,59,440702,5397,38.821853,-77.244821
51,59,440800,6397,38.830875,-77.24709
51,59,450100,5524,38.871848,-77.206393
51,59,450200,4330,38.870194,-77.193573
51,59,450300,5620,38.874196,-77.174067
51,59,450400,2726,38.862641,-77.170276
51,59,450500,3065,38.863814,-77.181521
51,59,450601,4192,38.856794,-77.204074
51,59,450602,4814,38.86342,-77.197607
51,59,450701,3055,38.844266,-77.213845
51,59,450702,4568,38.83572,-77.202752
51,59,450800,3483,38.840924,-77.194267
51,59,450900,1704,38.852226,-77.184894
51,59,451000,2707,38.84217,-77.182219
51,59,451100,2314,38.841345,-77.160669
51,59,451200,1721,38.850747,-77.161664
51,59,451300,2491,38.862319,-77.15499
51,59,451400,3263,38.87178,-77.147461
51,59,451501,5868,38.864125,-77.143588
51,59,451502,4924,38.851058,-77.122898
51,59,451601,6129,38.85178,-77.139974
51,59,451602,2885,38.85615,-77.145276
51,59,451800,3485,38.833061,-77.14551
51,59,451900,6015,38.825413,-77.155056
51,59,452000,3061,38.832261,-77.175889
51,59,452101,5091,38.822125,-77.1803
51,59,452102,3354,38.821016,-77.196289
51,59,452200,6982,38.824472,-77.207917
51,59,452301,3568,38.829434,-77.214816
51,59,452302,5762,38.822606,-77.218001
51,59,452400,7283,38.804555,-77.196752
51,59,452501,3912,38.809521,-77.16996
51,59,452502,5011,38.815182,-77.148536
51,59,452600,6347,38.802728,-77.154025
51,59,452700,5398,38.84317,-77.135256
51,59,452801,5627,38.843019,-77.122237
51,59,452802,3030,38.842817,-77.115409
51,59,460100,4544,38.947333,-77.271892
51,59,460200,3970,38.925518,-77.286706
51,59,460300,2896,38.921096,-77.274141
51,59,460400,5134,38.923825,-77.249877
51,59,460501,2691,38.909487,-77.234905
51,59,460503,3778,38.902689,-77.219966
51,59,460504,3979,38.901708,-77.231136
51,59,460600,4173,38.888159,-77.234958
51,59,460701,3501,38.885243,-77.251892
51,59,460702,4649,38.892154,-77.26346
51,59,460800,3162,38.901502,-77.252519
51,59,460900,2631,38.913014,-77.259232
51,59,461000,2530,38.90259,-77.274824
51,59,461100,7442,38.896698,-77.289852
51,59,461201,4633,38.888085,-77.317603
51,59,461202,6502,38.856926,-77.340513
51,59,461500,6940,38.881297,-77.280305
51,59,461603,5056,38.873112,-77.271384
51,59,461604,2520,38.876434,-77.25021
51,59,461605,3829,38.8796,-77.229881
51,59,461606,3069,38.880224,-77.225024
51,59,461700,6937,38.868778,-77.259738
51,59,461801,1385,38.874375,-77.289798
51,59,461802,5448,38.873373,-77.303592
51,59,461901,3756,38.869066,-77.281791
51,59,461902,1839,38.866395,-77.305261
51,59,470100,2769,38.955542,-77.167505
51,59,470300,3418,38.927111,-77.137314
51,59,470400,4994,38.933287,-77.157204
51,59,470500,5717,38.943902,-77.182073
51,59,470600,2849,38.93419,-77.192792
51,59,470700,5753,38.92136,-77.170868
51,59,470800,3255,38.920459,-77.185667
51,59,470900,7993,38.906871,-77.167254
51,59,471000,2247,38.900339,-77.185038
51,59,471100,7030,38.911889,-77.200221
51,59,471201,3050,38.916168,-77.213673
51,59,471203,2420,38.925576,-77.199578
51,59,471204,2692,38.923542,-77.208368
51,59,471301,3973,38.90356,-77.208974
51,59,471303,4153,38.898214,-77.207716
51,59,471304,2073,38.891311,-77.203243
51,59,471401,3759,38.882227,-77.197118
51,59,471402,3550,38.879991,-77.210193
51,59,480100,4399,39.011255,-77.272825
51,59,480201,4646,38.945129,-77.216211
51,59,480203,2828,38.927394,-77.233807
51,59,480204,3823,38.929481,-77.227778
51,59,480205,3268,38.924473,-77.225626
51,59,480301,3145,38.971392,-77.274532
51,59,480302,4621,38.949085,-77.24143
51,59,480401,4717,38.989725,-77.309003
51,59,480402,6028,39.01546,-77.332104
51,59,480501,3537,38.999369,-77.363396
51,59,480502,5763,38.993896,-77.384939
51,59,480503,3259,38.982845,-77.366273
51,59,480504,2017,38.983477,-77.352605
51,59,480505,3263,38.973117,-77.357652
51,59,480801,5388,38.978272,-77.388414
51,59,480802,3910,38.973242,-77.371774
51,59,480901,6969,38.971984,-77.402017
51,59,480902,4211,38.963932,-77.38785
51,59,480903,4177,38.958728,-77.394049
51,59,481000,6231,38.964053,-77.409944
51,59,481101,2376,38.951098,-77.398938
51,59,481102,3656,38.948712,-77.399302
51,59,481103,3664,38.946838,-77.405899
51,59,481104,2948,38.94416,-77.410579
51,59,481105,5332,38.93624,-77.396864
51,59,481106,5362,38.924973,-77.384011
51,59,481201,1156,38.946101,-77.385536
51,59,481202,6301,38.941532,-77.370243
51,59,481400,6647,38.9298,-77.351807
51,59,481500,2289,38.917383,-77.348999
51,59,481600,3480,38.900973,-77.335471
51,59,481701,6196,38.893724,-77.36336
51,59,481702,4787,38.871361,-77.357505
51,59,481900,5821,38.96202,-77.318567
51,59,482001,4874,38.98104,-77.331955
51,59,482002,3545,38.977595,-77.344772
51,59,482100,3258,38.968245,-77.337656
51,59,482201,2481,38.960322,-77.343729
51,59,482203,4695,38.959711,-77.361613
51,59,482204,1975,38.960321,-77.352984
51,59,482205,2622,38.951721,-77.342186
51,59,482206,1154,38.967191,-77.34692
51,59,482301,5387,38.941099,-77.347148
51,59,482302,4625,38.936691,-77.354644
51,59,482303,3617,38.934643,-77.331574
51,59,482400,2344,38.939508,-77.307441
51,59,482502,3090,38.912593,-77.413921
51,59,482503,4832,38.921537,-77.406646
51,59,482504,5277,38.90751,-77.394672
51,59,482505,3528,38.924397,-77.420837
51,59,482506,5298,38.95565,-77.418262
51,59,482507,3656,38.948439,-77.421229
51,59,482601,7321,38.896423,-77.414285
51,59,482603,3501,38.878768,-77.377609
51,59,482604,4210,38.887033,-77.392429
51,59,490101,5064,38.862712,-77.4429
51,59,490104,3504,38.89415,-77.463933
51,59,490105,2761,38.868219,-77.452853
51,59,490501,3326,38.836483,-77.415448
51,59,490502,6585,38.838089,-77.37584
51,59,491000,2206,38.841581,-77.49447
51,59,491101,3765,38.849184,-77.47736
51,59,491102,3422,38.85677,-77.464668
51,59,491103,6548,38.844977,-77.457423
51,59,491201,6558,38.84314,-77.448229
51,59,491202,2102,38.842859,-77.43469
51,59,491301,6797,38.822799,-77.455028
51,59,491302,3405,38.830311,-77.445342
51,59,491303,4269,38.834659,-77.44152
51,59,491401,4934,38.831783,-77.42522
51,59,491402,4323,38.824282,-77.431342
51,59,491403,3711,38.821985,-77.419427
51,59,491404,4006,38.813853,-77.438266
51,59,491405,2761,38.810284,-77.426345
51,59,491501,7696,38.844967,-77.416862
51,59,491502,7014,38.86103,-77.417531
51,59,491601,5421,38.885122,-77.43073
51,59,491602,5310,38.88232,-77.418816
51,59,491701,4127,38.861792,-77.375439
51,59,491703,5035,38.854511,-77.352805
51,59,491704,5062,38.852868,-77.364782
51,59,491705,3341,38.846563,-77.392869
51,59,491706,2899,38.862323,-77.366787
51,59,491707,4568,38.869106,-77.377413
51,59,491801,2324,38.857624,-77.400596
51,59,491802,2915,38.863688,-77.392606
51,59,491803,7003,38.875784,-77.397534
51,59,492000,6550,38.807099,-77.345727
51,59,492100,6592,38.761261,-77.321015
51,59,492201,3097,38.725344,-77.298095
51,59,492202,6831,38.739357,-77.265248
51,59,492203,4014,38.721977,-77.265014
51,59,492300,3402,38.738718,-77.241229
51,59,492400,4873,38.728637,-77.235691
51,59,492500,4139,38.785804,-77.392696
51,59,980100,9,38.748277,-77.202058
51,59,980200,0,38.932434,-77.439746
51,59,980300,0,38.952959,-77.150773
51,61,930101,3182,38.896146,-77.863475
51,61,930102,2744,38.880954,-77.77337
51,61,930203,2703,38.873414,-77.985359
51,61,930204,3468,38.785963,-77.902759
51,61,930205,1847,38.719347,-77.897391
51,61,930206,2220,38.638661,-77.828024
51,61,930207,1734,38.645537,-77.777634
51,61,930303,3797,38.742361,-77.786147
51,61,930304,2564,38.779889,-77.733052
51,61,930305,4677,38.712017,-77.798305
51,61,930306,2900,38.727154,-77.820828
51,61,930401,7315,38.737041,-77.688897
51,61,930402,6027,38.738093,-77.732075
51,61,930404,2758,38.662671,-77.672843
51,61,930405,4932,38.718371,-77.78021
51,61,930703,2541,38.47105,-77.70824
51,61,930704,3920,38.539891,-77.631082
51,61,930705,3988,38.579814,-77.739552
51,61,930706,6071,38.551332,-77.783373
51,61,930707,3584,38.583518,-77.800993
51,63,920102,3739,36.942648,-80.239527
51,63,920103,3687,37.025532,-80.24025
51,63,920104,2753,36.953864,-80.363921
51,63,920201,3222,36.918233,-80.495923
51,63,920202,2075,36.822557,-80.441658
51,65,20101,6345,37.944594,-78.276957
51,65,20103,3260,37.906448,-78.316362
51,65,20104,6276,37.924065,-78.33292
51,65,20200,5580,37.83697,-78.206012
51,65,20300,5788,37.82868,-78.379596
51,67,20102,2721,37.018815,-79.689017
51,67,20103,2323,37.062477,-79.69204
51,67,20104,3092,37.095247,-79.661265
51,67,20200,5173,37.031348,-79.807844
51,67,20301,2798,37.181816,-79.836895
51,67,20302,3559,37.149672,-79.749063
51,67,20400,5271,37.090716,-79.884555
51,67,20501,3892,37.045565,-79.938219
51,67,20502,4245,37.05971,-80.02744
51,67,20600,3295,36.902919,-80.061291
51,67,20701,2975,36.933545,-79.977034
51,67,20702,2368,36.883765,-79.915679
51,67,20801,3168,36.996427,-79.888599
51,67,20802,3400,36.98545,-79.903831
51,67,20901,3226,36.94737,-79.778693
51,67,20902,2971,36.852157,-79.792684
51,69,50100,6758,39.239536,-78.096027
51,69,50200,4044,39.267469,-78.16375
51,69,50300,6345,39.326576,-78.285389
51,69,50401,4490,39.164315,-78.369076
51,69,50402,2826,39.244804,-78.344053
51,69,50500,5328,39.200109,-78.236617
51,69,50600,4699,39.10059,-78.242147
51,69,50700,2974,39.034055,-78.273166
51,69,50801,6689,39.060683,-78.184255
51,69,50804,5133,39.087683,-78.195236
51,69,50805,3051,39.088178,-78.165736
51,69,50806,3812,39.098915,-78.169969
51,69,50807,3885,39.104654,-78.187268
51,69,50900,5000,39.136186,-78.168777
51,69,51001,4203,39.159821,-78.130077
51,69,51002,5821,39.178782,-78.128551
51,69,51102,7547,39.198792,-78.146727
51,69,51103,4889,39.176662,-78.106622
51,69,51104,3925,39.176129,-78.095444
51,71,930100,2057,37.305314,-80.538657
51,71,930200,3718,37.313269,-80.638412
51,71,930300,5503,37.34761,-80.78437
51,71,930400,5509,37.297947,-80.771765
51,73,100101,2987,37.526263,-76.585977
51,73,100102,4655,37.421117,-76.625885
51,73,100201,6078,37.464203,-76.503202
51,73,100202,3735,37.402088,-76.562347
51,73,100203,4239,37.405567,-76.505909
51,73,100301,5756,37.270992,-76.505562
51,73,100302,5728,37.324032,-76.540273
51,73,100400,1469,37.323134,-76.470156
51,73,100500,4064,37.27118,-76.451611
51,75,400101,4468,37.603669,-77.679081
51,75,400102,4072,37.665218,-77.689029
51,75,400200,4682,37.686442,-77.800453
51,75,400300,886,37.666329,-77.872396
51,75,400400,6141,37.735813,-77.925809
51,75,400500,4478,37.799747,-78.042294
51,77,60101,2796,36.709555,-80.997045
51,77,60102,3904,36.603226,-80.95432
51,77,60201,3862,36.642738,-81.111849
51,77,60202,2975,36.658721,-81.239346
51,77,60300,1796,36.622597,-81.445497
51,79,30101,4070,38.31018,-78.429085
51,79,30102,5437,38.270674,-78.47828
51,79,30201,7563,38.208468,-78.385772
51,79,30202,3482,38.24138,-78.39084
51,81,880101,4117,36.758002,-77.535315
51,81,880102,3099,36.798602,-77.48619
51,81,880200,4175,36.634534,-77.57574
51,83,930100,2701,36.860442,-78.774602
51,83,930202,2370,36.794698,-79.044906
51,83,930203,2643,36.975223,-79.019668
51,83,930204,2076,36.868119,-78.979572
51,83,930301,2416,36.672034,-79.090694
51,83,930302,4380,36.613345,-78.951063
51,83,930400,3511,36.667056,-78.795316
51,83,930500,3921,36.764185,-78.872217
51,83,930601,2628,36.742952,-78.95982
51,83,930602,3033,36.725851,-78.919233
51,83,930800,4343,36.708309,-78.901563
51,85,320100,6343,37.879998,-77.593369
51,85,320200,5870,37.80869,-77.672828
51,85,320300,4216,37.730635,-77.675396
51,85,320400,5120,37.714447,-77.505754
51,85,320500,3198,37.769439,-77.523097
51,85,320601,4617,37.767092,-77.47639
51,85,320602,3256,37.752044,-77.475773
51,85,320701,4639,37.739039,-77.408975
51,85,320702,3237,37.707044,-77.344415
51,85,320801,2618,37.713956,-77.4217
51,85,320803,7091,37.675803,-77.404349
51,85,320804,5623,37.685484,-77.421717
51,85,320805,3421,37.668219,-77.424589
51,85,320901,6244,37.652662,-77.361735
51,85,320902,2921,37.637907,-77.3871
51,85,321001,3651,37.624565,-77.349629
51,85,321003,2615,37.625123,-77.31487
51,85,321004,5117,37.637237,-77.324853
51,85,321100,5938,37.613132,-77.38207
51,85,321201,4505,37.594945,-77.332258
51,85,321202,4114,37.594974,-77.361022
51,85,321300,6881,37.605871,-77.313317
51,85,321401,2337,37.670438,-77.270824
51,85,321402,3407,37.603395,-77.253606
51,85,321403,3000,37.612639,-77.185067
51,87,200106,4780,37.600772,-77.580395
51,87,200108,2960,37.572513,-77.583242
51,87,200109,4007,37.579333,-77.565195
51,87,200122,4879,37.627073,-77.623209
51,87,200123,2982,37.61696,-77.641489
51,87,200124,4359,37.616388,-77.624466
51,87,200125,4139,37.630142,-77.559411
51,87,200126,3961,37.634244,-77.554516
51,87,200127,5988,37.629752,-77.591643
51,87,200131,1978,37.605321,-77.543164
51,87,200132,3436,37.612118,-77.554402
51,87,200133,3182,37.593568,-77.605522
51,87,200134,5093,37.588582,-77.584972
51,87,200135,2316,37.60335,-77.603277
51,87,200136,3099,37.60572,-77.62588
51,87,200137,2107,37.611866,-77.584735
51,87,200138,3710,37.616025,-77.596942
51,87,200139,4399,37.63418,-77.642109
51,87,200140,5023,37.654438,-77.63855
51,87,200141,2779,37.649226,-77.625738
51,87,200142,4462,37.640598,-77.623047
51,87,200143,2692,37.640276,-77.60449
51,87,200144,3257,37.645699,-77.597546
51,87,200145,4333,37.697797,-77.620261
51,87,200146,3036,37.697566,-77.605994
51,87,200147,6631,37.677744,-77.616736
51,87,200148,5313,37.683666,-77.586377
51,87,200149,5606,37.667598,-77.601176
51,87,200150,4815,37.665214,-77.576429
51,87,200151,5631,37.651291,-77.567845
51,87,200152,2721,37.622312,-77.565352
51,87,200153,4458,37.610665,-77.572087
51,87,200201,2737,37.593985,-77.556714
51,87,200202,4162,37.587931,-77.543443
51,87,200301,1526,37.581651,-77.503118
51,87,200302,3190,37.590002,-77.5184
51,87,200303,3487,37.60003,-77.527974
51,87,200305,4316,37.621204,-77.535331
51,87,200404,2991,37.607054,-77.50076
51,87,200407,4738,37.644898,-77.547357
51,87,200409,2576,37.625488,-77.517396
51,87,200411,5634,37.638472,-77.527284
51,87,200412,2086,37.632821,-77.522674
51,87,200413,4864,37.656873,-77.534844
51,87,200414,6170,37.660632,-77.553352
51,87,200415,4257,37.687395,-77.52316
51,87,200416,6399,37.662277,-77.516325
51,87,200417,2211,37.614737,-77.509049
51,87,200418,3113,37.619097,-77.511001
51,87,200501,2518,37.59417,-77.501036
51,87,200502,2098,37.605636,-77.486601
51,87,200503,4073,37.629765,-77.494024
51,87,200600,5056,37.611319,-77.479006
51,87,200700,3685,37.606152,-77.463685
51,87,200801,3364,37.631852,-77.471341
51,87,200802,2192,37.623521,-77.44972
51,87,200805,3533,37.58703,-77.42827
51,87,200806,1513,37.603246,-77.438368
51,87,200807,4440,37.608735,-77.434799
51,87,200904,6185,37.637583,-77.434294
51,87,200905,5877,37.650617,-77.481453
51,87,200906,4888,37.658919,-77.498169
51,87,200907,4619,37.67103,-77.469498
51,87,200908,2975,37.651818,-77.460974
51,87,201001,6162,37.578695,-77.383324
51,87,201002,2961,37.574959,-77.400634
51,87,201003,6008,37.561473,-77.394446
51,87,201102,4231,37.524055,-77.375847
51,87,201103,3580,37.554751,-77.367285
51,87,201104,3561,37.544756,-77.377821
51,87,201203,3090,37.556537,-77.341705
51,87,201204,3926,37.54929,-77.326184
51,87,201205,3608,37.542266,-77.334092
51,87,201206,2892,37.544628,-77.34729
51,87,201403,5932,37.534679,-77.294308
51,87,201404,4320,37.499801,-77.239688
51,87,201405,1481,37.540459,-77.359062
51,87,201406,3906,37.520663,-77.349005
51,87,201502,5537,37.455611,-77.330415
51,87,201503,6334,37.494456,-77.390628
51,87,201504,4489,37.500165,-77.381558
51,87,201601,3364,37.452675,-77.255407
51,87,201602,5565,37.455695,-77.384038
51,87,201701,3837,37.5219,-77.307374
51,87,980100,0,37.50466,-77.320859
51,89,10100,3855,36.715359,-79.921159
51,89,10200,5114,36.72736,-79.903863
51,89,10300,5223,36.702974,-79.816992
51,89,10400,3618,36.712612,-79.7295
51,89,10500,3853,36.60776,-79.772406
51,89,10601,2713,36.628528,-79.872588
51,89,10602,3891,36.597017,-79.856546
51,89,10700,3345,36.599247,-79.954031
51,89,10800,2384,36.674178,-79.931657
51,89,10900,2515,36.653971,-79.990498
51,89,11000,4656,36.71306,-80.027004
51,89,11100,2613,36.749574,-79.962955
51,89,11200,3293,36.759594,-80.045234
51,89,11300,3875,36.780799,-79.922187
51,91,970100,2232,38.386566,-79.570507
51,93,280101,3771,37.030996,-76.666828
51,93,280104,4439,36.985847,-76.595663
51,93,280105,4925,36.960835,-76.623601
51,93,280106,3049,36.963212,-76.593011
51,93,280107,4571,36.933088,-76.520744
51,93,280108,4678,36.962158,-76.539929
51,93,280200,3780,36.925355,-76.676363
51,93,280300,5481,36.832149,-76.744557
51,93,280400,3912,36.750309,-76.844761
51,95,80102,4163,37.215483,-76.613857
51,95,80103,3229,37.248223,-76.671108
51,95,80104,2449,37.229661,-76.670821
51,95,80202,5907,37.255547,-76.749974
51,95,80203,3750,37.240464,-76.727867
51,95,80205,4436,37.292369,-76.739231
51,95,80207,4067,37.304328,-76.78414
51,95,80208,3467,37.29368,-76.768508
51,95,80209,3434,37.281627,-76.761075
51,95,80304,6323,37.252913,-76.815542
51,95,80305,5418,37.321652,-76.749882
51,95,80306,4073,37.343332,-76.82284
51,95,80307,4624,37.263549,-76.77856
51,95,80308,4675,37.237754,-76.772289
51,95,80402,10117,37.366443,-76.783262
51,95,80403,3792,37.407946,-76.824464
51,95,80404,4330,37.415194,-76.776465
51,97,950400,3710,37.811391,-77.018576
51,97,950500,2898,37.552793,-76.7287
51,99,40100,5692,38.339582,-77.058663
51,99,40200,4377,38.297981,-77.124322
51,99,40301,4933,38.299574,-77.220077
51,99,40302,3077,38.294318,-77.30888
51,99,40400,5459,38.256348,-77.206503
51,99,40500,3185,38.230599,-77.104049
51,101,950101,5043,37.738526,-77.177441
51,101,950102,6702,37.789283,-77.152409
51,101,950200,2556,37.633276,-76.956169
51,101,950300,3509,37.551413,-76.804601
51,103,30100,3264,37.75021,-76.521016
51,103,30200,3901,37.712637,-76.401616
51,103,30301,1997,37.643354,-76.371882
51,103,30302,1757,37.667626,-76.426728
51,103,990100,0,37.629769,-76.231623
51,105,950100,2679,36.806893,-82.981652
51,105,950200,3655,36.768664,-82.897046
51,105,950301,1615,36.755092,-83.03924
51,105,950302,3266,36.71384,-83.010371
51,105,950400,2910,36.659705,-83.101839
51,105,950500,4381,36.70045,-83.158859
51,105,950600,3667,36.635611,-83.438734
51,107,610101,5055,39.27018,-77.670885
51,107,610102,3866,39.266891,-77.618853
51,107,610201,6225,39.180411,-77.697287
51,107,610202,5624,39.143633,-77.774173
51,107,610300,8911,39.197482,-77.560197
51,107,610400,4695,39.120261,-77.57549
51,107,610503,8097,39.115903,-77.527036
51,107,610504,7094,39.120796,-77.549193
51,107,610505,6702,39.110376,-77.547849
51,107,610506,5646,39.099353,-77.526225
51,107,610507,6297,39.100586,-77.502207
51,107,610601,7193,39.098974,-77.585867
51,107,610602,2807,39.089171,-77.576956
51,107,610603,3587,39.103883,-77.558681
51,107,610604,6964,39.089967,-77.548963
51,107,610701,5640,39.128972,-77.730233
51,107,610702,6207,39.134711,-77.699313
51,107,610703,5364,39.116565,-77.648241
51,107,610800,6657,39.069164,-77.771497
51,107,610900,2404,38.975062,-77.699841
51,107,611002,4736,39.060929,-77.446188
51,107,611004,8935,39.046736,-77.514255
51,107,611005,5573,39.039336,-77.496231
51,107,611006,5950,39.030705,-77.476348
51,107,611009,5542,39.088412,-77.48662
51,107,611010,1951,39.082164,-77.472897
51,107,611011,3833,39.080239,-77.492299
51,107,611012,4509,39.064837,-77.49947
51,107,611013,4370,39.055942,-77.488738
51,107,611014,4472,39.050607,-77.47881
51,107,611015,3771,39.054887,-77.464263
51,107,611016,4140,39.047734,-77.463701
51,107,611017,3397,39.038675,-77.465776
51,107,611018,4004,39.034114,-77.459138
51,107,611019,6045,39.026639,-77.496632
51,107,611020,6892,39.014134,-77.494797
51,107,611022,7320,39.00843,-77.514921
51,107,611023,5954,39.022228,-77.517127
51,107,611026,14425,38.97288,-77.534737
51,107,611027,2163,38.989552,-77.532216
51,107,611028,6439,39.026702,-77.546217
51,107,611029,7139,38.997406,-77.586303
51,107,611030,6176,38.995162,-77.5145
51,107,611031,2141,38.998926,-77.498493
51,107,611032,2991,38.991257,-77.486375
51,107,611101,4716,39.049879,-77.424395
51,107,611102,6225,39.049884,-77.411184
51,107,611202,4735,39.047322,-77.376471
51,107,611204,5768,39.037028,-77.374012
51,107,611205,6018,39.028824,-77.381597
51,107,611206,4311,39.047662,-77.393491
51,107,611207,4325,39.037286,-77.395208
51,107,611208,4384,39.050455,-77.353257
51,107,611209,6639,39.039133,-77.353863
51,107,611300,6349,39.012267,-77.383489
51,107,611400,5767,39.000783,-77.394097
51,107,611501,4242,39.030797,-77.412883
51,107,611502,6550,39.01241,-77.405426
51,107,611601,4317,39.00583,-77.424803
51,107,611602,4316,38.998862,-77.416716
51,107,611701,4797,38.99325,-77.405229
51,107,611702,2461,38.98142,-77.409826
51,107,611803,6838,38.906717,-77.513871
51,107,611804,8852,38.911459,-77.496407
51,107,611805,5069,38.895797,-77.49721
51,107,611807,7561,38.922122,-77.533151
51,107,611808,5569,38.913642,-77.526845
51,107,611809,6941,38.927827,-77.558999
51,107,611810,8135,38.944034,-77.584562
51,107,611811,8098,38.927704,-77.548768
51,107,611812,3241,38.943398,-77.537019
51,107,611813,13108,38.901264,-77.558583
51,107,611901,7388,38.976615,-77.505556
51,107,611902,6290,38.977649,-77.519587
51,107,980100,46,38.976468,-77.431754
51,109,950101,2706,37.976422,-77.755876
51,109,950102,4985,37.96274,-77.865313
51,109,950201,5553,38.023789,-78.013179
51,109,950202,4164,38.036943,-77.894897
51,109,950301,4203,37.999215,-78.224764
51,109,950302,3010,38.072736,-78.16749
51,109,950303,2946,38.108976,-78.049902
51,109,950400,3460,37.942061,-78.071436
51,109,950500,6569,37.841772,-77.814574
51,111,930100,5432,36.997472,-78.171054
51,111,930200,4208,36.985348,-78.32873
51,111,930300,2296,36.87707,-78.119057
51,113,930101,3611,38.404541,-78.1644
51,113,930102,4309,38.314345,-78.220036
51,113,930201,2972,38.363781,-78.271459
51,113,930202,2945,38.443994,-78.304185
51,115,951301,2613,37.494346,-76.381768
51,115,951302,1679,37.471774,-76.297538
51,115,951401,2762,37.396102,-76.345197
51,115,951402,1479,37.420118,-76.318234
51,115,990100,0,37.408982,-76.201491
51,117,930101,2997,36.701376,-78.085058
51,117,930103,859,36.571866,-78.123962
51,117,930104,1877,36.591333,-78.081893
51,117,930201,3699,36.739195,-78.126213
51,117,930202,2213,36.721455,-78.145847
51,117,930300,3113,36.718686,-78.24821
51,117,930401,2349,36.809485,-78.439975
51,117,930402,2522,36.789529,-78.478703
51,117,930500,1842,36.702786,-78.563125
51,117,930600,2610,36.661965,-78.386353
51,117,930700,2638,36.574764,-78.408513
51,117,930800,3600,36.619516,-78.614976
51,119,950900,1537,37.697261,-76.66158
51,119,951000,3849,37.611275,-76.565582
51,119,951100,2655,37.576304,-76.459
51,119,951200,2584,37.554994,-76.364403
51,119,990100,0,37.561804,-76.222121
51,121,20100,9927,37.225523,-80.422092
51,121,20201,5611,37.215174,-80.448685
51,121,20202,2912,37.190514,-80.419262
51,121,20301,4190,37.237772,-80.429441
51,121,20302,3446,37.243896,-80.449077
51,121,20401,2516,37.243625,-80.421098
51,121,20402,4281,37.249952,-80.421066
51,121,20500,6478,37.251581,-80.404196
51,121,20600,5507,37.230007,-80.399783
51,121,20701,2563,37.216468,-80.409367
51,121,20702,3315,37.206217,-80.392153
51,121,20801,4097,37.148291,-80.390332
51,121,20802,2864,37.135606,-80.400399
51,121,20900,5156,37.130472,-80.369769
51,121,21000,5138,37.118834,-80.420434
51,121,21101,3827,37.1442,-80.430321
51,121,21102,4720,37.159406,-80.426766
51,121,21201,3516,37.212572,-80.517377
51,121,21202,3122,37.167345,-80.48096
51,121,21300,3645,37.256557,-80.333692
51,121,21400,4711,37.175985,-80.246056
51,121,21501,4403,37.088472,-80.506481
51,121,21502,3776,37.061556,-80.40592
51,125,950101,3240,37.685809,-78.82229
51,125,950102,2240,37.773595,-78.820036
51,125,950201,2831,37.953964,-78.828448
51,125,950202,2268,37.916387,-78.888641
51,125,950300,4196,37.778893,-78.9621
51,127,700100,7035,37.528947,-77.160402
51,127,700200,5638,37.516233,-77.094635
51,127,700301,5813,37.443121,-76.966492
51,127,700302,4459,37.497462,-76.882754
51,131,930100,4407,37.514224,-75.853665
51,131,930200,3511,37.39452,-75.926022
51,131,930301,2528,37.278234,-75.991022
51,131,930302,1836,37.226134,-75.964012
51,131,990100,0,37.130331,-76.004986
51,133,20100,3409,37.973511,-76.541364
51,133,20200,3078,37.897016,-76.421025
51,133,20301,2344,37.872613,-76.28266
51,133,20302,3008,37.794975,-76.342769
51,133,990100,0,37.745746,-76.248104
51,135,101,2201,37.066447,-78.004398
51,135,102,3578,37.117517,-77.970268
51,135,200,2527,37.160456,-78.068495
51,135,300,7328,37.179556,-78.157986
51,135,980100,8,37.055182,-77.961192
51,137,110104,3432,38.288897,-77.831275
51,137,110105,4815,38.225886,-78.015357
51,137,110106,4181,38.277937,-77.909234
51,137,110107,4863,38.330198,-77.755964
51,137,110108,6881,38.356721,-77.765045
51,137,110200,5422,38.251134,-78.117697
51,137,110301,3400,38.169588,-78.15358
51,137,110302,3260,38.189488,-78.2705
51,139,30100,2560,38.699154,-78.413715
51,139,30200,4141,38.686595,-78.473973
51,139,30300,4963,38.643928,-78.437963
51,139,30401,2166,38.555004,-78.502437
51,139,30402,3993,38.583146,-78.511679
51,139,30500,5886,38.505194,-78.601388
51,141,30101,2459,36.764827,-80.28865
51,141,30102,2288,36.722522,-80.208795
51,141,30201,2881,36.601843,-80.541671
51,141,30202,3047,36.617472,-80.356505
51,141,30301,3048,36.595585,-80.202288
51,141,30302,3885,36.658473,-80.14362
51,143,10100,3911,37.003964,-79.248105
51,143,10200,4117,37.081365,-79.309548
51,143,10301,1225,37.044463,-79.401682
51,143,10302,2658,36.970228,-79.469489
51,143,10400,3784,36.798083,-79.574708
51,143,10500,5238,36.824049,-79.406711
51,143,10600,2908,36.933421,-79.368888
51,143,10700,1647,36.843593,-79.220708
51,143,10801,2396,36.705697,-79.346902
51,143,10803,2920,36.603109,-79.254506
51,143,10804,3008,36.65189,-79.272221
51,143,10900,2686,36.745786,-79.413302
51,143,11001,4360,36.649674,-79.590098
51,143,11002,4504,36.688113,-79.491865
51,143,11100,2818,36.598213,-79.619858
51,143,11200,2329,36.592477,-79.485396
51,143,11301,3858,36.650189,-79.409533
51,143,11302,2541,36.64856,-79.445333
51,143,11400,3593,36.647775,-79.352262
51,145,500101,6783,37.554549,-77.771133
51,145,500102,5856,37.481375,-77.818767
51,145,500201,6114,37.583987,-77.880687
51,145,500202,4242,37.512894,-77.910841
51,145,500300,1469,37.625602,-77.847258
51,145,500400,5869,37.548907,-78.030343
51,147,930101,3231,37.29023,-78.383525
51,147,930102,3391,37.261579,-78.311033
51,147,930202,3275,37.290894,-78.524786
51,147,930204,5264,37.302169,-78.406589
51,147,930301,3187,37.150757,-78.377922
51,147,930302,3501,37.223935,-78.533425
51,149,850100,4842,37.295936,-77.34815
51,149,850200,9994,37.241227,-77.336972
51,149,850301,7052,37.245528,-77.296565
51,149,850302,4571,37.270731,-77.245719
51,149,850400,5305,37.216656,-77.184005
51,149,850501,6086,37.097822,-77.327918
51,149,850502,5160,37.1676,-77.323398
51,153,900100,3271,38.653019,-77.240162
51,153,900201,2710,38.664064,-77.253221
51,153,900202,4127,38.662896,-77.265691
51,153,900203,5392,38.654992,-77.263382
51,153,900301,3301,38.678099,-77.260612
51,153,900302,6165,38.671538,-77.272983
51,153,900403,5550,38.641407,-77.309791
51,153,900404,5996,38.639544,-77.319512
51,153,900407,6849,38.638263,-77.33973
51,153,900408,4700,38.627425,-77.339135
51,153,900409,5517,38.628358,-77.322453
51,153,900410,5663,38.617545,-77.305698
51,153,900502,4323,38.628046,-77.281803
51,153,900503,3368,38.647926,-77.277369
51,153,900504,5065,38.643772,-77.27199
51,153,900601,3950,38.637114,-77.259658
51,153,900602,4332,38.647069,-77.256402
51,153,900701,7608,38.621439,-77.277004
51,153,900702,8133,38.620558,-77.261895
51,153,900801,7324,38.597421,-77.283188
51,153,900803,6016,38.587696,-77.300006
51,153,900804,5423,38.583857,-77.286732
51,153,900901,6221,38.560133,-77.321763
51,153,900904,6853,38.56835,-77.298262
51,153,900905,5628,38.54254,-77.317754
51,153,901005,6501,38.622088,-77.384511
51,153,901009,7488,38.622966,-77.357049
51,153,901010,4416,38.610909,-77.353396
51,153,901011,6654,38.61293,-77.325236
51,153,901012,3721,38.597675,-77.328878
51,153,901013,3494,38.573505,-77.331063
51,153,901014,3977,38.570388,-77.341408
51,153,901015,3726,38.584927,-77.313694
51,153,901016,5440,38.60074,-77.303615
51,153,901101,2191,38.523721,-77.30162
51,153,901102,3607,38.528242,-77.337856
51,153,901203,4013,38.654216,-77.3338
51,153,901208,3116,38.684147,-77.275833
51,153,901209,6645,38.666615,-77.298849
51,153,901211,4659,38.666993,-77.340306
51,153,901212,7978,38.668344,-77.352791
51,153,901219,5662,38.698303,-77.382783
51,153,901221,5646,38.691697,-77.316934
51,153,901222,2654,38.697579,-77.305042
51,153,901223,6777,38.689332,-77.298084
51,153,901224,4459,38.67789,-77.305139
51,153,901225,4875,38.669703,-77.323251
51,153,901226,6345,38.66764,-77.371394
51,153,901227,5282,38.652676,-77.362474
51,153,901228,6336,38.639891,-77.364438
51,153,901229,3983,38.651131,-77.380381
51,153,901230,4419,38.665135,-77.389956
51,153,901231,7144,38.744722,-77.429365
51,153,901232,5839,38.72577,-77.453072
51,153,901233,7347,38.677696,-77.42616
51,153,901234,3385,38.64545,-77.402457
51,153,901235,3262,38.69965,-77.333031
51,153,901236,6506,38.684288,-77.337732
51,153,901237,3468,38.685166,-77.328016
51,153,901303,5107,38.725183,-77.485488
51,153,901304,2789,38.704294,-77.474971
51,153,901305,3642,38.674462,-77.541561
51,153,901306,5777,38.666556,-77.459698
51,153,901403,6754,38.773838,-77.513705
51,153,901407,4247,38.789784,-77.523086
51,153,901409,8502,38.756162,-77.547768
51,153,901411,6810,38.78036,-77.627069
51,153,901412,8112,38.768181,-77.607521
51,153,901413,4504,38.76144,-77.592785
51,153,901414,4936,38.744086,-77.585299
51,153,901415,4224,38.744311,-77.573033
51,153,901416,4984,38.731674,-77.554318
51,153,901417,3427,38.727115,-77.596105
51,153,901418,4138,38.786123,-77.530713
51,153,901419,4270,38.789196,-77.523603
51,153,901420,4546,38.765348,-77.559964
51,153,901421,4884,38.770778,-77.580891
51,153,901503,6044,38.861408,-77.596515
51,153,901504,4713,38.812585,-77.59865
51,153,901505,7669,38.828689,-77.620074
51,153,901506,5536,38.813182,-77.62047
51,153,901507,2958,38.807476,-77.629141
51,153,901508,6034,38.796094,-77.640366
51,153,901509,7056,38.854406,-77.665364
51,153,901510,6546,38.830694,-77.647444
51,153,901511,4691,38.852836,-77.648562
51,153,901601,4130,38.787626,-77.492859
51,153,901602,8294,38.79434,-77.500854
51,153,901702,4047,38.790419,-77.468127
51,153,901703,2762,38.776993,-77.48643
51,153,901704,6821,38.779765,-77.499048
51,153,901900,8748,38.786918,-77.449038
51,153,980100,2,38.61352,-77.557713
51,155,210101,4008,37.154663,-80.573238
51,155,210102,2831,37.154344,-80.655158
51,155,210201,4155,37.057399,-80.759773
51,155,210202,3729,37.099026,-80.744853
51,155,210300,4097,37.064238,-80.791478
51,155,210401,2963,37.033586,-80.78273
51,155,210402,1856,36.992453,-80.749675
51,155,210500,2405,37.007511,-80.644245
51,155,210600,4276,37.08587,-80.660828
51,155,210700,3476,37.108059,-80.681427
51,155,980100,0,37.193748,-80.549828
51,155,980200,4,37.10264,-80.639502
51,157,950100,2729,38.768041,-78.155332
51,157,950200,4619,38.652983,-78.105215
51,159,40100,5417,37.953803,-76.761858
51,159,40200,3506,37.937408,-76.646426
51,161,30100,3557,37.352294,-80.114548
51,161,30201,4856,37.323647,-80.013456
51,161,30203,3987,37.34478,-79.935737
51,161,30205,4253,37.345873,-79.973873
51,161,30206,4437,37.332318,-79.94575
51,161,30207,2772,37.333579,-79.95998
51,161,30300,7288,37.290083,-80.120756
51,161,30501,1892,37.243128,-80.155227
51,161,30502,2937,37.261442,-80.082214
51,161,30601,5474,37.18661,-80.068843
51,161,30602,2443,37.221774,-80.057859
51,161,30701,6936,37.231746,-80.031722
51,161,30702,5835,37.240464,-80.011978
51,161,30802,5124,37.213206,-80.002244
51,161,30803,3669,37.230739,-79.989916
51,161,30804,1876,37.234814,-79.996771
51,161,30900,6162,37.200565,-79.9689
51,161,31000,3856,37.231613,-79.900977
51,161,31101,4557,37.271279,-79.888187
51,161,31102,3485,37.282203,-79.888411
51,161,31201,5358,37.281102,-79.862405
51,161,31202,6175,37.325258,-79.88896
51,163,930101,3151,37.795972,-79.39666
51,163,930102,4414,37.861834,-79.286596
51,163,930200,4875,37.887966,-79.434227
51,163,930301,2753,37.708267,-79.552866
51,163,930302,3762,37.769554,-79.476486
51,163,930400,3695,37.637525,-79.467495
51,165,10100,3250,38.401946,-78.60347
51,165,10200,3611,38.410064,-78.61002
51,165,10301,1908,38.409137,-78.66015
51,165,10302,2900,38.416403,-78.707919
51,165,10400,2464,38.550169,-78.731575
51,165,10500,3060,38.476152,-78.811247
51,165,10600,3862,38.519708,-78.853252
51,165,10700,3682,38.595482,-78.849235
51,165,10801,3663,38.602901,-78.791557
51,165,10802,3238,38.622641,-78.76372
51,165,10900,2584,38.653803,-78.789816
51,165,11000,2948,38.686065,-78.933181
51,165,11100,3180,38.495014,-78.979989
51,165,11200,4772,38.43532,-79.04511
51,165,11400,6094,38.433307,-78.927362
51,165,11500,6856,38.384793,-78.968033
51,165,11600,2137,38.366167,-78.954095
51,165,11700,5337,38.391811,-78.875672
51,165,11801,3261,38.33984,-78.82321
51,165,11802,6384,38.393259,-78.835734
51,165,11900,3291,38.384661,-78.757816
51,165,12000,5275,38.277954,-78.802855
51,167,30100,4119,37.060589,-81.932758
51,167,30201,2091,36.962225,-82.192946
51,167,30202,2722,36.924628,-82.059975
51,167,30300,3518,36.831653,-82.295709
51,167,30402,2904,36.974493,-81.886558
51,167,30403,3111,36.889429,-82.101955
51,167,30404,2213,36.88214,-82.054407
51,167,30500,1858,37.014486,-82.000728
51,167,30600,3245,36.880219,-82.245342
51,169,30100,3327,36.642788,-82.598534
51,169,30200,3933,36.673256,-82.810536
51,169,30300,3336,36.768138,-82.645842
51,169,30400,3564,36.748037,-82.489807
51,169,30500,3649,36.661003,-82.442493
51,169,30600,3767,36.613909,-82.57832
51,171,40101,3365,38.995625,-78.381116
51,171,40102,6395,38.996484,-78.349636
51,171,40201,2701,38.813165,-78.758154
51,171,40202,3303,38.976176,-78.509289
51,171,40300,3958,38.937181,-78.457859
51,171,40400,2571,38.845325,-78.452544
51,171,40501,6952,38.876061,-78.513115
51,171,40502,2159,38.878024,-78.577413
51,171,40600,3762,38.827259,-78.586951
51,171,40700,4204,38.753044,-78.659826
51,171,40800,4816,38.661066,-78.674164
51,173,30100,3060,36.893004,-81.516415
51,173,30200,4136,36.889243,-81.743873
51,173,30301,3082,36.827336,-81.581673
51,173,30302,3770,36.848003,-81.519978
51,173,30400,1871,36.853946,-81.375723
51,173,30500,2423,36.805715,-81.446091
51,173,30600,2895,36.813093,-81.520315
51,173,30701,4527,36.799521,-81.654072
51,173,30702,4036,36.743371,-81.609407
51,175,200100,4162,36.847292,-76.942175
51,175,200200,2737,36.70143,-77.248544
51,175,200300,1319,36.727913,-77.246587
51,175,200401,3599,36.670959,-76.965978
51,175,200402,2815,36.730776,-77.041371
51,175,200500,3364,36.603481,-77.134691
51,177,20104,4945,38.288112,-77.627454
51,177,20105,2434,38.34343,-77.669189
51,177,20106,8064,38.309059,-77.578722
51,177,20107,2340,38.273441,-77.502471
51,177,20108,4225,38.281057,-77.525081
51,177,20109,3656,38.283103,-77.543072
51,177,20110,3881,38.276396,-77.558341
51,177,20111,2454,38.283426,-77.578224
51,177,20112,2749,38.277573,-77.588878
51,177,20113,4512,38.264255,-77.616407
51,177,20114,5913,38.265039,-77.573335
51,177,20201,7310,38.252317,-77.424495
51,177,20202,5418,38.262723,-77.482615
51,177,20203,5067,38.236118,-77.461502
51,177,20204,4572,38.234872,-77.486024
51,177,20206,4570,38.208856,-77.469976
51,177,20207,1575,38.200004,-77.486887
51,177,20304,4351,38.258608,-77.524278
51,177,20305,3858,38.240182,-77.515175
51,177,20307,3791,38.2574,-77.543544
51,177,20308,4032,38.249015,-77.555648
51,177,20309,5749,38.232455,-77.539047
51,177,20311,5571,38.158903,-77.574895
51,177,20312,6724,38.220597,-77.524713
51,177,20313,695,38.209544,-77.503439
51,177,20314,1850,38.20434,-77.523691
51,177,20315,593,38.190736,-77.547398
51,177,20316,5003,38.217622,-77.58112
51,177,20403,4091,38.093687,-77.624809
51,177,20404,3677,38.070019,-77.70922
51,177,20405,3677,38.145382,-77.854297
51,177,20406,3817,38.174208,-77.707127
51,177,20407,5768,38.252137,-77.719101
51,177,20408,3100,38.3029,-77.725028
51,179,10103,5044,38.458055,-77.396092
51,179,10105,8089,38.43122,-77.393842
51,179,10106,3865,38.389476,-77.377471
51,179,10107,3661,38.455907,-77.360655
51,179,10108,6426,38.481733,-77.376109
51,179,10201,1633,38.512588,-77.437559
51,179,10202,6860,38.496214,-77.54013
51,179,10205,6821,38.468275,-77.484982
51,179,10206,5495,38.480112,-77.448539
51,179,10210,11687,38.437011,-77.422597
51,179,10211,4242,38.459292,-77.41541
51,179,10212,4675,38.465918,-77.427732
51,179,10213,2629,38.45757,-77.44384
51,179,10214,3873,38.466411,-77.447796
51,179,10215,2114,38.483738,-77.419977
51,179,10216,7379,38.483049,-77.397339
51,179,10217,5305,38.448116,-77.500273
51,179,10218,4638,38.419347,-77.444664
51,179,10219,1462,38.455334,-77.463797
51,179,10301,4690,38.441616,-77.58764
51,179,10304,6868,38.35189,-77.487157
51,179,10305,6752,38.379326,-77.508511
51,179,10306,2773,38.331923,-77.489704
51,179,10307,8635,38.352257,-77.535716
51,179,10308,2618,38.386956,-77.593212
51,179,10403,3815,38.347886,-77.430296
51,179,10404,6642,38.334389,-77.450589
51,179,10405,6241,38.319939,-77.425826
51,179,10406,3216,38.304839,-77.433093
51,179,10502,4226,38.289295,-77.424492
51,179,10503,2618,38.328165,-77.380298
51,179,10504,1935,38.287386,-77.374092
51,181,860100,3059,37.157658,-76.826807
51,181,860200,3502,37.080371,-76.904525
51,183,870100,2652,36.87565,-77.435507
51,183,870201,3262,36.987492,-77.235258
51,183,870202,700,37.042202,-77.208846
51,183,870300,2633,37.034256,-77.093631
51,183,870400,1582,36.975288,-76.987662
51,185,20100,3219,37.282265,-81.37227
51,185,20200,5043,37.249814,-81.286623
51,185,20301,2450,37.167316,-81.532513
51,185,20302,3225,37.13091,-81.616922
51,185,20400,3982,37.100288,-81.750571
51,185,20500,2897,37.089867,-81.84338
51,185,20600,3806,37.036677,-81.694565
51,185,20700,2994,37.112069,-81.471173
51,185,20800,1805,37.205918,-81.399968
51,185,20900,1807,37.105656,-81.820209
51,185,21000,3739,37.079858,-81.795391
51,185,21101,2773,37.130756,-81.488334
51,185,21102,2689,37.212361,-81.319543
51,187,20101,4716,38.921933,-78.102106
51,187,20102,4010,38.9721,-78.050324
51,187,20200,3865,38.99162,-78.190639
51,187,20300,6829,38.929516,-78.256766
51,187,20400,4834,38.924793,-78.201447
51,187,20500,4178,38.923188,-78.189811
51,187,20601,6094,38.93091,-78.16156
51,187,20602,2665,38.885115,-78.163034
51,187,20700,3536,38.847723,-78.255012
51,191,10101,3492,36.671712,-82.079597
51,191,10102,3384,36.622053,-82.08957
51,191,10200,5051,36.636433,-82.204572
51,191,10301,3149,36.709748,-82.178532
51,191,10302,3231,36.798883,-81.965806
51,191,10401,2546,36.678318,-82.010556
51,191,10402,3294,36.714288,-82.020284
51,191,10501,4012,36.721023,-81.967035
51,191,10502,4346,36.715126,-81.951476
51,191,10601,4087,36.725521,-81.891237
51,191,10602,2620,36.770531,-81.851358
51,191,10700,4252,36.806414,-81.780887
51,191,10800,2933,36.700154,-81.745722
51,191,10900,4148,36.660161,-81.837484
51,191,11000,3390,36.631745,-81.968249
51,193,10101,2073,38.118913,-76.662279
51,193,10102,2963,38.03951,-76.643886
51,193,10200,3642,38.120566,-76.802908
51,193,10300,3472,38.173887,-76.975586
51,193,10401,2551,38.231618,-76.989336
51,193,10402,3776,38.257857,-76.971924
51,195,930700,3081,37.113417,-82.574392
51,195,930800,1815,37.0839,-82.63846
51,195,930900,4013,36.98875,-82.577961
51,195,931000,2075,36.971888,-82.644222
51,195,931100,2428,36.913409,-82.796163
51,195,931200,6152,36.858819,-82.774477
51,195,931300,3584,36.874562,-82.725926
51,195,931400,4541,36.976268,-82.552671
51,195,931500,4283,36.939544,-82.488855
51,195,931600,2390,36.94144,-82.441577
51,195,931700,1768,36.927791,-82.340833
51,197,50101,2790,36.94689,-81.064013
51,197,50102,2570,36.983045,-80.937246
51,197,50201,3172,36.954443,-81.087294
51,197,50202,3654,36.958709,-81.171054
51,197,50301,4411,36.913642,-81.204383
51,197,50302,3090,36.848734,-81.20492
51,197,50401,3649,36.890914,-81.01668
51,197,50402,4954,36.891015,-80.883686
51,199,50203,6656,37.104833,-76.44224
51,199,50205,4645,37.125724,-76.436578
51,199,50206,6702,37.11077,-76.411881
51,199,50207,4540,37.098243,-76.424839
51,199,50208,2026,37.098379,-76.413938
51,199,50303,5773,37.164961,-76.456278
51,199,50304,5496,37.155314,-76.436365
51,199,50305,3457,37.122303,-76.467689
51,199,50306,5287,37.176887,-76.485188
51,199,50401,3652,37.202228,-76.472535
51,199,50402,3677,37.190137,-76.429881
51,199,50500,3724,37.225131,-76.527227
51,199,50900,2370,37.24179,-76.621596
51,199,51000,4690,37.326761,-76.716603
51,199,51100,7350,37.274107,-76.664316
51,199,990100,0,37.232099,-76.256912
51,510,200102,5043,38.832085,-77.128366
51,510,200104,4095,38.826822,-77.124495
51,510,200105,4065,38.832943,-77.113549
51,510,200106,3392,38.836909,-77.112736
51,510,200108,1667,38.8188,-77.137466
51,510,200109,5794,38.821759,-77.133207
51,510,200110,2614,38.836866,-77.103746
51,510,200111,3909,38.835871,-77.106744
51,510,200201,3505,38.829017,-77.100129
51,510,200202,1698,38.815818,-77.096031
51,510,200301,3333,38.826829,-77.114688
51,510,200302,4452,38.820374,-77.120641
51,510,200304,2825,38.816225,-77.126784
51,510,200305,2426,38.81409,-77.123007
51,510,200403,1410,38.801924,-77.12211
51,510,200404,3694,38.807871,-77.121097
51,510,200406,4949,38.811094,-77.136717
51,510,200407,3921,38.809542,-77.141692
51,510,200408,2713,38.80526,-77.136307
51,510,200409,6318,38.810537,-77.127896
51,510,200500,4650,38.815448,-77.107274
51,510,200600,4731,38.809612,-77.10258
51,510,200701,951,38.803675,-77.081316
51,510,200703,3494,38.798293,-77.05198
51,510,200704,2906,38.800171,-77.066339
51,510,200705,2597,38.802687,-77.062446
51,510,200801,2701,38.815293,-77.079248
51,510,200802,2991,38.809388,-77.078444
51,510,200900,5078,38.826726,-77.076419
51,510,201000,2831,38.8377,-77.081263
51,510,201100,3388,38.837209,-77.073131
51,510,201202,3429,38.832658,-77.062884
51,510,201204,2878,38.834288,-77.056211
51,510,201205,2568,38.838926,-77.057257
51,510,201206,5710,38.841564,-77.067562
51,510,201300,4004,38.823592,-77.054427
51,510,201400,4158,38.821361,-77.061676
51,510,201500,3835,38.813091,-77.06362
51,510,201601,3347,38.809918,-77.05202
51,510,201602,3220,38.814669,-77.050603
51,510,201802,2084,38.808251,-77.04328
51,510,201803,2393,38.819524,-77.046113
51,510,201804,3710,38.827847,-77.048495
51,510,201805,3383,38.814373,-77.04284
51,510,201900,1798,38.804851,-77.050495
51,510,202001,2379,38.800448,-77.04427
51,510,202002,2430,38.794805,-77.044164
51,510,980000,0,38.829114,-77.04137
51,520,20100,3709,36.603648,-82.205019
51,520,20201,2346,36.602111,-82.181171
51,520,20202,2479,36.613643,-82.178496
51,520,20300,2972,36.602035,-82.16187
51,520,20400,5713,36.621497,-82.140709
51,530,930601,3357,37.724693,-79.356275
51,530,930602,3284,37.743456,-79.349002
51,540,201,2697,38.041883,-78.491094
51,540,202,5949,38.035951,-78.496044
51,540,302,2877,38.029074,-78.465302
51,540,401,3553,38.022719,-78.486552
51,540,402,4485,38.019702,-78.474395
51,540,501,3274,38.025843,-78.496182
51,540,502,5751,38.018692,-78.508645
51,540,600,4183,38.028688,-78.510824
51,540,700,4610,38.046367,-78.499994
51,540,800,3912,38.060827,-78.48259
51,540,900,2444,38.043215,-78.462485
51,540,1000,2818,38.034223,-78.478038
51,550,20001,1642,36.828718,-76.229942
51,550,20002,4322,36.822457,-76.248295
51,550,20003,5667,36.814453,-76.230918
51,550,20100,4911,36.810732,-76.251668
51,550,20200,4289,36.812685,-76.263899
51,550,20300,1681,36.818617,-76.276784
51,550,20400,2870,36.810533,-76.274325
51,550,20500,2016,36.790006,-76.282289
51,550,20600,4255,36.792511,-76.273797
51,550,20700,6114,36.785576,-76.264905
51,550,20804,10716,36.746599,-76.201127
51,550,20805,6033,36.754732,-76.239123
51,550,20808,3400,36.79689,-76.249211
51,550,20809,4900,36.8018,-76.226717
51,550,20810,2253,36.749543,-76.217669
51,550,20811,5356,36.761667,-76.216166
51,550,20812,2213,36.77697,-76.220371
51,550,20813,2526,36.786198,-76.225356
51,550,20814,4463,36.773838,-76.214063
51,550,20903,2555,36.764516,-76.28165
51,550,20905,2718,36.774889,-76.263886
51,550,20907,2324,36.732817,-76.253154
51,550,20908,2441,36.740304,-76.267481
51,550,20909,2904,36.744329,-76.278649
51,550,20910,1548,36.755595,-76.279589
51,550,20911,3101,36.762711,-76.256728
51,550,20912,5020,36.7453,-76.251163
51,550,21004,8823,36.679714,-76.241079
51,550,21005,5600,36.718785,-76.269135
51,550,21009,4316,36.673402,-76.211155
51,550,21010,6129,36.706861,-76.257834
51,550,21011,3728,36.696358,-76.257027
51,550,21012,6115,36.69625,-76.217786
51,550,21013,4479,36.694176,-76.196692
51,550,21014,2851,36.691489,-76.278446
51,550,21015,2151,36.696418,-76.277862
51,550,21016,4625,36.712767,-76.288596
51,550,21101,5468,36.709336,-76.204958
51,550,21103,3575,36.705696,-76.155696
51,550,21104,5385,36.622327,-76.17158
51,550,21200,6705,36.629062,-76.290461
51,550,21301,8568,36.738932,-76.367307
51,550,21303,2432,36.730415,-76.334815
51,550,21304,3367,36.745634,-76.32199
51,550,21305,3692,36.732491,-76.317641
51,550,21306,2373,36.717996,-76.337568
51,550,21401,2087,36.756824,-76.353566
51,550,21402,6607,36.764542,-76.328719
51,550,21403,4769,36.779173,-76.329021
51,550,21405,2168,36.782831,-76.338743
51,550,21406,2563,36.78093,-76.352336
51,550,21407,2950,36.78494,-76.364855
51,550,21503,3248,36.801182,-76.417758
51,550,21504,3082,36.816185,-76.413968
51,550,21505,6094,36.83165,-76.424836
51,550,21506,2651,36.799178,-76.399469
51,550,21507,5263,36.798955,-76.425471
51,550,21602,6665,36.857059,-76.418005
51,550,21603,1831,36.839977,-76.410105
51,550,21604,2025,36.842112,-76.39328
51,550,21605,4799,36.849259,-76.409048
51,570,830100,4840,37.274482,-77.381666
51,570,830200,3646,37.27111,-77.402728
51,570,830300,2836,37.273617,-77.420388
51,570,830400,2693,37.248271,-77.412919
51,570,830500,4155,37.249679,-77.404625
51,580,60100,2962,37.791788,-79.986156
51,580,60200,2775,37.769813,-79.992833
51,590,100,5856,36.629321,-79.39288
51,590,200,4140,36.609697,-79.405114
51,590,300,3264,36.605482,-79.390526
51,590,400,3708,36.604784,-79.377858
51,590,500,1809,36.58382,-79.390146
51,590,600,2159,36.58289,-79.400839
51,590,700,3336,36.577322,-79.415247
51,590,800,2712,36.587153,-79.440721
51,590,900,3579,36.559148,-79.455415
51,590,1000,3541,36.56479,-79.416545
51,590,1100,1244,36.566957,-79.395098
51,590,1200,1831,36.55156,-79.410846
51,590,1301,1526,36.585093,-79.339321
51,590,1302,841,36.588411,-79.367782
51,590,1400,3039,36.599944,-79.475681
51,590,980100,5,36.570606,-79.33948
51,595,890100,2862,36.689592,-77.534157
51,595,890200,2904,36.694756,-77.548408
51,600,300100,5368,38.858181,-77.319031
51,600,300200,5200,38.860903,-77.295817
51,600,300300,5889,38.850597,-77.283939
51,600,300400,4129,38.843925,-77.317928
51,600,300500,3560,38.840305,-77.299517
51,610,500100,3529,38.889913,-77.17668
51,610,500200,6692,38.883837,-77.18225
51,610,500300,4437,38.878179,-77.160543
51,620,90100,4695,36.687444,-76.943274
51,620,90200,3485,36.667668,-76.928637
51,630,100,3175,38.303673,-77.465774
51,630,201,4690,38.308323,-77.490707
51,630,202,1521,38.313321,-77.472513
51,630,301,1725,38.302306,-77.474483
51,630,302,4471,38.284967,-77.48033
51,630,400,3528,38.291219,-77.459698
51,630,500,8872,38.299787,-77.500715
51,640,70101,4231,36.661051,-80.918869
51,640,70102,2489,36.674938,-80.918825
51,650,10103,7065,37.067581,-76.319084
51,650,10104,6175,37.050667,-76.310571
51,650,10200,1395,37.078427,-76.358373
51,650,10304,8137,37.084131,-76.417473
51,650,10306,6865,37.057261,-76.373791
51,650,10307,5554,37.053352,-76.440377
51,650,10309,4316,37.033917,-76.441362
51,650,10310,4264,37.035256,-76.424833
51,650,10311,4315,37.050319,-76.413101
51,650,10312,3265,37.046528,-76.419008
51,650,10314,1838,37.07322,-76.392563
51,650,10315,3945,37.047338,-76.391833
51,650,10316,4220,37.053073,-76.39695
51,650,10400,6172,37.027599,-76.412345
51,650,10502,2916,37.032413,-76.375853
51,650,10503,2598,37.015156,-76.4079
51,650,10504,3730,37.023129,-76.385981
51,650,10601,1949,37.027983,-76.348441
51,650,10602,3115,37.03872,-76.350242
51,650,10701,3456,37.051319,-76.352957
51,650,10702,3996,37.05318,-76.341859
51,650,10703,3134,37.06283,-76.331698
51,650,10800,5253,37.042415,-76.331593
51,650,10900,2384,37.028944,-76.319595
51,650,11001,2312,37.046082,-76.292348
51,650,11002,3076,37.040306,-76.313159
51,650,11100,494,37.004401,-76.311936
51,650,11200,2803,37.032225,-76.3064
51,650,11300,1940,37.020515,-76.320122
51,650,11400,2614,37.022149,-76.337578
51,650,11500,4056,37.00464,-76.367437
51,650,11600,3056,37.012926,-76.355172
51,650,11800,4730,37.017085,-76.363953
51,650,11900,2976,37.010542,-76.382211
51,650,12000,3089,37.000951,-76.38744
51,650,12100,5945,37.064522,-76.29315
51,650,990100,0,37.05994,-76.217683
51,660,101,4821,38.455414,-78.855287
51,660,102,5344,38.445682,-78.843765
51,660,203,1806,38.420817,-78.88447
51,660,204,3640,38.442872,-78.861378
51,660,205,6558,38.418906,-78.853256
51,660,206,4507,38.436152,-78.870218
51,660,207,6088,38.424664,-78.87116
51,660,301,3402,38.444811,-78.891492
51,660,302,6359,38.433528,-78.887594
51,660,401,3118,38.477968,-78.87455
51,660,402,6171,38.458862,-78.874802
51,670,820100,1556,37.309288,-77.278745
51,670,820300,2635,37.301655,-77.292304
51,670,820400,6155,37.292093,-77.32111
51,670,820500,4858,37.290737,-77.308584
51,670,820600,5399,37.276164,-77.305895
51,670,820700,2430,37.283231,-77.290458
51,670,980100,0,37.293093,-77.270765
51,678,930501,4610,37.781013,-79.44539
51,678,980000,2710,37.790142,-79.440885
51,680,100,4509,37.447662,-79.191337
51,680,201,6588,37.435764,-79.219699
51,680,203,1519,37.398685,-79.182565
51,680,204,3533,37.41393,-79.21811
51,680,205,3372,37.410806,-79.199758
51,680,300,3965,37.421621,-79.176018
51,680,400,3012,37.429722,-79.155295
51,680,500,829,37.414115,-79.141008
51,680,600,2758,37.41266,-79.151412
51,680,700,3770,37.402644,-79.163653
51,680,801,2061,37.39652,-79.176886
51,680,802,3002,37.390219,-79.192083
51,680,901,3493,37.376108,-79.196146
51,680,902,2823,37.387675,-79.210103
51,680,1000,3045,37.383553,-79.179119
51,680,1100,1901,37.404312,-79.146806
51,680,1400,7403,37.348733,-79.180329
51,680,1601,2875,37.352954,-79.198558
51,680,1602,3340,37.34531,-79.223404
51,680,1603,2518,37.348905,-79.211439
51,680,1700,5533,37.359081,-79.233376
51,680,1800,2260,37.381069,-79.231994
51,680,1900,4900,37.39172,-79.135637
51,683,910100,4656,38.760121,-77.491962
51,683,910201,5239,38.764037,-77.470688
51,683,910202,8207,38.772825,-77.473047
51,683,910301,4579,38.751378,-77.457298
51,683,910302,6436,38.739189,-77.466617
51,683,910401,7543,38.744313,-77.477726
51,683,910402,6112,38.736152,-77.48783
51,685,920100,7137,38.780962,-77.465789
51,685,920201,2872,38.769496,-77.448005
51,685,920202,7210,38.76452,-77.432036
51,690,100,3340,36.702322,-79.857001
51,690,200,1983,36.687286,-79.889871
51,690,300,2506,36.684481,-79.860866
51,690,400,2593,36.675865,-79.874604
51,690,500,3063,36.66313,-79.847473
51,700,30100,3770,36.977351,-76.424024
51,700,30300,5874,36.983633,-76.401991
51,700,30400,3453,36.983476,-76.418418
51,700,30500,1931,36.987857,-76.409271
51,700,30600,2335,36.99161,-76.413958
51,700,30800,2023,36.996322,-76.422599
51,700,30900,2616,37.00261,-76.427151
51,700,31100,3783,37.003658,-76.445219
51,700,31200,2287,37.01383,-76.439957
51,700,31300,4311,37.017004,-76.426942
51,700,31400,5925,37.039112,-76.45577
51,700,31500,5984,37.038411,-76.468648
51,700,31602,4362,37.070015,-76.466769
51,700,31603,4099,37.068664,-76.453475
51,700,31604,3055,37.056179,-76.458598
51,700,31701,4131,37.069511,-76.498756
51,700,31702,5361,37.073979,-76.490632
51,700,31800,3902,37.057888,-76.50611
51,700,31901,3793,37.078674,-76.510648
51,700,31902,4270,37.098652,-76.507189
51,700,32001,3054,37.103402,-76.547056
51,700,32002,5960,37.101774,-76.526519
51,700,32005,2635,37.108476,-76.536386
51,700,32006,4226,37.116075,-76.517585
51,700,32007,3419,37.119256,-76.538116
51,700,32113,3221,37.136192,-76.514583
51,700,32114,1668,37.109726,-76.488503
51,700,32117,4325,37.088565,-76.449975
51,700,32123,5477,37.171086,-76.540708
51,700,32124,3684,37.157593,-76.530146
51,700,32126,4095,37.102481,-76.497222
51,700,32128,4814,37.082715,-76.473371
51,700,32129,3337,37.102113,-76.465863
51,700,32130,5499,37.119397,-76.48668
51,700,32131,4667,37.157068,-76.512754
51,700,32132,5492,37.146923,-76.520448
51,700,32133,1927,37.086245,-76.486888
51,700,32134,2638,37.078499,-76.482106
51,700,32211,6041,37.128862,-76.560966
51,700,32212,4223,37.127982,-76.526657
51,700,32223,3896,37.166441,-76.565854
51,700,32225,4376,37.138353,-76.538049
51,700,32226,4461,37.155422,-76.549397
51,700,32227,4584,37.151429,-76.559894
51,700,32228,2808,37.136629,-76.550376
51,700,32300,5160,37.15746,-76.577011
51,700,32400,3295,37.199642,-76.57605
51,710,100,2357,36.936962,-76.223389
51,710,201,2824,36.943925,-76.237929
51,710,202,3807,36.937605,-76.239589
51,710,300,3112,36.952265,-76.253886
51,710,400,3333,36.966167,-76.281889
51,710,500,3190,36.947557,-76.26347
51,710,600,4506,36.940528,-76.252058
51,710,700,2940,36.932901,-76.252627
51,710,800,2146,36.939145,-76.269323
51,710,901,6124,36.923937,-76.299309
51,710,902,14006,36.95325,-76.312093
51,710,1100,2356,36.93038,-76.312149
51,710,1200,3772,36.914062,-76.302471
51,710,1300,2337,36.917678,-76.280511
51,710,1400,2546,36.90938,-76.26885
51,710,1500,2039,36.914091,-76.285175
51,710,1600,1746,36.916749,-76.291868
51,710,1700,2283,36.905494,-76.28117
51,710,2000,1588,36.896661,-76.261174
51,710,2100,1495,36.887444,-76.266153
51,710,2200,1906,36.89814,-76.27882
51,710,2300,2249,36.895401,-76.299961
51,710,2400,3515,36.893907,-76.30945
51,710,2500,4561,36.882825,-76.309456
51,710,2600,4241,36.885227,-76.298942
51,710,2700,2744,36.876794,-76.294194
51,710,2800,4359,36.884351,-76.285727
51,710,2900,3581,36.874943,-76.28335
51,710,3000,1880,36.877146,-76.267631
51,710,3100,2923,36.881784,-76.257429
51,710,3200,2632,36.872724,-76.26069
51,710,3300,2593,36.867007,-76.252745
51,710,3400,2101,36.865662,-76.269256
51,710,3501,3256,36.861402,-76.275057
51,710,3600,2172,36.864879,-76.288074
51,710,3700,2148,36.867973,-76.297351
51,710,3800,2766,36.868859,-76.304823
51,710,4001,1223,36.860018,-76.292031
51,710,4002,3294,36.86047,-76.299201
51,710,4100,1848,36.855971,-76.28284
51,710,4200,1171,36.854526,-76.276485
51,710,4300,3074,36.854489,-76.263927
51,710,4400,1542,36.85511,-76.253676
51,710,4500,1377,36.849993,-76.253038
51,710,4600,1991,36.842811,-76.252143
51,710,4700,2984,36.848423,-76.262825
51,710,4800,1430,36.848812,-76.280925
51,710,4900,5469,36.850104,-76.29093
51,710,5000,3164,36.830157,-76.279791
51,710,5100,3897,36.828786,-76.263516
51,710,5500,2854,36.921283,-76.259479
51,710,5601,3904,36.928608,-76.237492
51,710,5602,3358,36.919482,-76.244496
51,710,5701,4212,36.91102,-76.253999
51,710,5702,2624,36.897584,-76.248639
51,710,5800,4296,36.907627,-76.237622
51,710,5901,4963,36.896426,-76.233372
51,710,5902,4068,36.885232,-76.229606
51,710,5903,1590,36.876722,-76.22623
51,710,6000,3485,36.887297,-76.242934
51,710,6100,7386,36.873597,-76.241685
51,710,6200,3241,36.871027,-76.220584
51,710,6400,3192,36.848205,-76.236741
51,710,6501,2930,36.932145,-76.207904
51,710,6502,3458,36.927523,-76.188982
51,710,6601,1513,36.923364,-76.228412
51,710,6602,2428,36.922147,-76.221183
51,710,6603,2356,36.921166,-76.210792
51,710,6604,2474,36.921019,-76.196022
51,710,6605,2649,36.91321,-76.204187
51,710,6606,4195,36.911195,-76.227692
51,710,6607,2865,36.895337,-76.218382
51,710,6800,1682,36.860397,-76.189469
51,710,6901,3571,36.855309,-76.197809
51,710,6902,2398,36.837959,-76.200714
51,710,7001,2265,36.860792,-76.21944
51,710,7002,3443,36.847709,-76.217557
51,710,980100,0,36.874717,-76.324133
51,710,980200,7,36.859111,-76.245325
51,710,980300,0,36.89362,-76.201051
51,710,990000,0,36.982053,-76.206389
51,720,960100,3687,36.937981,-82.623258
51,730,810100,2501,37.233223,-77.377792
51,730,810300,2712,37.221708,-77.426118
51,730,810400,1688,37.22312,-77.418889
51,730,810500,4019,37.208319,-77.427306
51,730,810600,1739,37.215163,-77.413836
51,730,810700,1961,37.215991,-77.404981
51,730,810900,3342,37.208931,-77.381593
51,730,811000,4447,37.200861,-77.398437
51,730,811100,3274,37.184509,-77.380023
51,730,811200,4749,37.199995,-77.357357
51,730,811300,3026,37.225756,-77.397538
51,735,340100,3876,37.144026,-76.398317
51,735,340200,5299,37.127512,-76.386765
51,735,340300,3285,37.123426,-76.353276
51,735,990100,0,37.157082,-76.237106
51,740,210200,2119,36.848724,-76.335927
51,740,210300,2308,36.844824,-76.344512
51,740,210400,1432,36.838454,-76.353182
51,740,210500,1717,36.837229,-76.336827
51,740,210600,1555,36.841959,-76.322897
51,740,210900,4073,36.836443,-76.301641
51,740,211100,1933,36.833056,-76.314419
51,740,211400,1860,36.829381,-76.335108
51,740,211500,1953,36.825383,-76.343654
51,740,211600,4015,36.826666,-76.354938
51,740,211700,3109,36.816567,-76.33639
51,740,211800,3483,36.824964,-76.320061
51,740,211900,1632,36.818116,-76.317169
51,740,212000,2146,36.823258,-76.309533
51,740,212100,1285,36.822062,-76.302209
51,740,212300,4895,36.801142,-76.317701
51,740,212400,3925,36.802894,-76.327774
51,740,212500,2150,36.799565,-76.340329
51,740,212600,1747,36.808955,-76.336356
51,740,212701,5258,36.798915,-76.366393
51,740,212702,3238,36.794156,-76.355509
51,740,212801,4709,36.812971,-76.373069
51,740,212802,2815,36.812822,-76.388959
51,740,212900,5246,36.825031,-76.376999
51,740,213001,6440,36.861892,-76.365823
51,740,213002,4303,36.854303,-76.381981
51,740,213101,5044,36.869716,-76.404033
51,740,213103,6719,36.880994,-76.387146
51,740,213104,3976,36.881802,-76.399736
51,740,213200,2206,36.841578,-76.310934
51,740,980100,624,36.816722,-76.299544
51,750,10101,3762,37.133527,-80.553804
51,750,10102,5376,37.135224,-80.544182
51,750,10201,4028,37.116138,-80.571923
51,750,10202,2904,37.125336,-80.578356
51,760,10201,1754,37.595752,-77.454741
51,760,10202,1963,37.584996,-77.466138
51,760,10300,1445,37.588843,-77.442118
51,760,10401,2889,37.588174,-77.453436
51,760,10402,3513,37.578908,-77.450907
51,760,10500,1465,37.580452,-77.438104
51,760,10600,1978,37.572098,-77.439866
51,760,10700,2454,37.575103,-77.430148
51,760,10800,3409,37.575319,-77.420684
51,760,10900,2739,37.565728,-77.418242
51,760,11000,2169,37.563139,-77.430673
51,760,11100,3550,37.561912,-77.444624
51,760,20100,1663,37.554422,-77.416091
51,760,20200,3497,37.547692,-77.402993
51,760,20300,1783,37.541885,-77.408859
51,760,20400,4449,37.546569,-77.418766
51,760,20501,3131,37.532318,-77.423371
51,760,20502,3317,37.534267,-77.423131
51,760,20600,1814,37.533347,-77.41616
51,760,20700,1614,37.537141,-77.41175
51,760,20800,1717,37.528157,-77.41196
51,760,20900,3090,37.532133,-77.402043
51,760,21000,1623,37.520546,-77.394906
51,760,21100,1738,37.517647,-77.40364
51,760,21200,1420,37.511622,-77.399566
51,760,30100,2500,37.553305,-77.435936
51,760,30200,2460,37.547994,-77.44119
51,760,30501,3808,37.544534,-77.444455
51,760,30502,2541,37.537368,-77.4362
51,760,40201,3093,37.552284,-77.44954
51,760,40202,3356,37.565348,-77.465974
51,760,40300,5560,37.547247,-77.450917
51,760,40400,4350,37.551137,-77.456914
51,760,40500,3298,37.557342,-77.46657
51,760,40600,1863,37.561443,-77.474144
51,760,40700,2657,37.562979,-77.480394
51,760,40800,1440,37.556844,-77.484116
51,760,40900,2609,37.554832,-77.478345
51,760,41000,2715,37.553437,-77.468199
51,760,41100,4303,37.549065,-77.467752
51,760,41200,1276,37.539236,-77.451332
51,760,41300,3042,37.539259,-77.464991
51,760,41400,2195,37.5441,-77.470003
51,760,41600,1421,37.546195,-77.485867
51,760,50100,3118,37.568327,-77.486504
51,760,50200,3380,37.570715,-77.495852
51,760,50300,1427,37.562134,-77.497222
51,760,50400,3084,37.572919,-77.509816
51,760,50500,5045,37.578976,-77.531713
51,760,50600,2637,37.559051,-77.50705
51,760,60200,2237,37.510766,-77.441946
51,760,60400,5106,37.51027,-77.467732
51,760,60501,2116,37.518968,-77.462756
51,760,60502,3796,37.516414,-77.482801
51,760,60600,2497,37.52301,-77.489767
51,760,60700,5187,37.500598,-77.442658
51,760,60800,3572,37.481606,-77.441421
51,760,60900,1613,37.466404,-77.443977
51,760,61001,2813,37.520304,-77.447053
51,760,61002,4063,37.524063,-77.441048
51,760,70100,5711,37.545203,-77.574822
51,760,70300,3441,37.538348,-77.540684
51,760,70400,3888,37.544465,-77.524726
51,760,70601,6806,37.497377,-77.487432
51,760,70602,2371,37.495009,-77.475494
51,760,70700,5276,37.489681,-77.508979
51,760,70802,2890,37.470708,-77.477074
51,760,70803,4699,37.48212,-77.4906
51,760,70804,3324,37.471901,-77.500077
51,760,70901,4583,37.475081,-77.463854
51,760,70902,2466,37.492548,-77.461531
51,760,71002,3414,37.513943,-77.503172
51,760,71003,2998,37.512758,-77.515124
51,760,71004,2594,37.508656,-77.52079
51,760,71100,5787,37.525106,-77.509779
51,770,100,3796,37.296287,-79.988188
51,770,300,4913,37.306596,-79.954689
51,770,400,5350,37.315189,-79.942827
51,770,500,4775,37.296674,-79.937098
51,770,601,5098,37.307119,-79.919853
51,770,602,3656,37.291185,-79.89958
51,770,900,5759,37.285348,-79.994266
51,770,1000,2074,37.272979,-79.964463
51,770,1100,2067,37.271062,-79.944899
51,770,1200,3556,37.26316,-79.948797
51,770,1800,3929,37.261565,-79.968677
51,770,1900,5049,37.265996,-79.984946
51,770,2100,3864,37.255442,-80.018062
51,770,2200,2834,37.286494,-80.012628
51,770,2301,3253,37.309764,-79.984435
51,770,2302,3803,37.308026,-80.007683
51,770,2400,3792,37.289581,-79.965041
51,770,2501,2632,37.281069,-79.957406
51,770,2502,2879,37.285105,-79.945299
51,770,2600,2623,37.273089,-79.924721
51,770,2700,5191,37.265284,-79.92395
51,770,2800,5559,37.245266,-79.924264
51,770,2900,5511,37.238433,-79.955089
51,770,3000,4095,37.245311,-79.971904
51,770,3100,3953,37.253858,-79.992021
51,775,10100,5928,37.301042,-80.03742
51,775,10200,6937,37.295397,-80.07646
51,775,10300,4378,37.282405,-80.040204
51,775,10501,3357,37.266401,-80.047877
51,775,10502,4746,37.275503,-80.071017
51,790,100,1145,38.149759,-79.073895
51,790,200,4096,38.148967,-79.093943
51,790,300,5340,38.162133,-79.09302
51,790,401,3964,38.172249,-79.081106
51,790,402,3642,38.169927,-79.063169
51,790,500,3239,38.158198,-79.060547
51,790,600,4324,38.138188,-79.063631
51,800,65100,2124,36.732453,-76.568841
51,800,65200,2265,36.737911,-76.582893
51,800,65301,1458,36.728706,-76.597556
51,800,65302,1713,36.728997,-76.58853
51,800,65401,2387,36.719513,-76.584601
51,800,65402,1149,36.721055,-76.596697
51,800,65500,2830,36.723222,-76.568499
51,800,75103,4005,36.872502,-76.423284
51,800,75104,3213,36.871576,-76.453819
51,800,75105,2730,36.8908,-76.445397
51,800,75106,4866,36.885027,-76.414305
51,800,75202,1562,36.829511,-76.47757
51,800,75203,4283,36.848852,-76.471477
51,800,75205,3267,36.857588,-76.448306
51,800,75206,2635,36.845208,-76.45042
51,800,75207,1902,36.838219,-76.499785
51,800,75208,2815,36.846277,-76.512212
51,800,75301,2253,36.902423,-76.4992
51,800,75302,2455,36.854847,-76.569536
51,800,75401,3182,36.755461,-76.588718
51,800,75402,4572,36.775327,-76.572156
51,800,75404,1160,36.749405,-76.628475
51,800,75405,2273,36.773941,-76.67439
51,800,75406,3605,36.778502,-76.591301
51,800,75407,1510,36.784175,-76.613467
51,800,75502,4162,36.792838,-76.526181
51,800,75503,3135,36.755505,-76.555696
51,800,75504,3158,36.748523,-76.540953
51,800,75601,3128,36.715999,-76.560036
51,800,75602,1476,36.603692,-76.601143
51,800,75701,1667,36.717489,-76.610651
51,800,75702,3408,36.7169,-76.642254
51,800,75703,1521,36.684197,-76.647511
51,800,75801,3128,36.624113,-76.700582
51,800,75802,1825,36.620078,-76.808439
51,800,75803,1502,36.680221,-76.805998
51,810,40000,2548,36.912115,-76.154545
51,810,40200,5391,36.869557,-76.182855
51,810,40403,4170,36.899128,-76.174206
51,810,40404,8290,36.878239,-76.168732
51,810,40405,3003,36.867376,-76.16315
51,810,40406,4910,36.867283,-76.175755
51,810,40600,7591,36.853811,-76.167069
51,810,40801,4068,36.866196,-76.139377
51,810,40802,4966,36.860856,-76.156647
51,810,41002,2356,36.837942,-76.14679
51,810,41003,3534,36.854703,-76.1367
51,810,41004,3964,36.849144,-76.145741
51,810,41200,6428,36.889071,-76.147201
51,810,41400,5386,36.89026,-76.126238
51,810,41600,3485,36.86729,-76.125007
51,810,41801,5184,36.906926,-76.135995
51,810,41803,2951,36.909066,-76.107056
51,810,41804,3124,36.909746,-76.124515
51,810,42000,3626,36.877037,-76.088557
51,810,42201,3745,36.862841,-76.09796
51,810,42202,4418,36.851268,-76.08151
51,810,42400,4902,36.846723,-76.100895
51,810,42600,2468,36.842366,-76.071608
51,810,42801,5552,36.827921,-76.087827
51,810,42802,4413,36.832095,-76.078735
51,810,43002,4439,36.892433,-76.058808
51,810,43004,4007,36.909903,-76.059444
51,810,43005,2167,36.910469,-76.082791
51,810,43006,2654,36.909588,-76.076147
51,810,43200,1187,36.920955,-76.004089
51,810,43400,2128,36.901118,-75.992029
51,810,43600,1798,36.88239,-75.989131
51,810,43800,4104,36.87111,-75.99106
51,810,44004,2440,36.850866,-75.980506
51,810,44005,2251,36.849871,-75.998078
51,810,44006,3391,36.852516,-75.990138
51,810,44007,3754,36.836393,-75.979844
51,810,44008,1835,36.827075,-75.973049
51,810,44201,2983,36.832229,-75.99061
51,810,44202,4041,36.841373,-75.992241
51,810,44401,3752,36.86648,-76.052418
51,810,44402,5956,36.864148,-76.036169
51,810,44600,5918,36.870546,-76.021112
51,810,44805,3252,36.847364,-76.022496
51,810,44806,3313,36.84314,-76.015729
51,810,44807,5609,36.851213,-76.038757
51,810,44808,4106,36.848586,-76.05518
51,810,45000,1362,36.810493,-76.029347
51,810,45200,3299,36.80151,-75.976512
51,810,45405,4579,36.802323,-76.094457
51,810,45407,4456,36.815947,-76.06505
51,810,45408,6311,36.788566,-76.011445
51,810,45412,1542,36.733721,-75.947454
51,810,45414,6068,36.812012,-76.088674
51,810,45415,1893,36.812689,-76.077947
51,810,45420,5520,36.751921,-75.996379
51,810,45421,3599,36.770693,-76.059472
51,810,45422,4859,36.770475,-76.072528
51,810,45424,6960,36.741754,-76.022087
51,810,45425,2846,36.768402,-76.005992
51,810,45426,6452,36.769104,-75.993731
51,810,45427,6203,36.778146,-75.98151
51,810,45428,1518,36.792143,-75.984412
51,810,45429,5202,36.790989,-76.089982
51,810,45430,4079,36.798101,-76.078407
51,810,45431,4208,36.775483,-76.045263
51,810,45432,4848,36.764039,-76.028552
51,810,45433,4542,36.743016,-76.077752
51,810,45434,5444,36.734371,-76.068026
51,810,45601,2870,36.849025,-76.115153
51,810,45603,2192,36.841466,-76.127607
51,810,45605,2761,36.837681,-76.128633
51,810,45606,3848,36.836139,-76.114825
51,810,45801,4672,36.829741,-76.113672
51,810,45803,3206,36.818267,-76.129487
51,810,45805,1293,36.827093,-76.101413
51,810,45806,3906,36.8196,-76.104778
51,810,45807,1552,36.819785,-76.114728
51,810,45808,3231,36.813261,-76.117966
51,810,45809,6212,36.809184,-76.106586
51,810,45810,2082,36.798657,-76.105799
51,810,46002,5483,36.819609,-76.177786
51,810,46006,4379,36.813235,-76.149914
51,810,46009,5352,36.833571,-76.172981
51,810,46010,3017,36.835849,-76.186856
51,810,46011,1521,36.809814,-76.132958
51,810,46013,4460,36.791479,-76.10613
51,810,46014,6301,36.785469,-76.116344
51,810,46015,5584,36.772806,-76.113754
51,810,46016,3888,36.751942,-76.123623
51,810,46017,3423,36.806759,-76.125438
51,810,46018,4389,36.799477,-76.118474
51,810,46019,3589,36.826365,-76.149716
51,810,46020,5738,36.83116,-76.147789
51,810,46204,5308,36.82258,-76.209645
51,810,46206,5313,36.808621,-76.179096
51,810,46207,6204,36.789717,-76.190411
51,810,46211,3014,36.803844,-76.165042
51,810,46212,3950,36.80008,-76.148546
51,810,46213,6052,36.791597,-76.158511
51,810,46214,5136,36.792435,-76.139715
51,810,46216,6385,36.769823,-76.138824
51,810,46217,5668,36.768744,-76.177277
51,810,46219,4157,36.771797,-76.194984
51,810,46220,5671,36.808323,-76.212877
51,810,46221,3817,36.805299,-76.203234
51,810,46222,5087,36.780081,-76.177598
51,810,46223,2685,36.788635,-76.171991
51,810,46224,4614,36.780034,-76.15197
51,810,46225,4864,36.782775,-76.136967
51,810,46400,5248,36.634768,-76.033767
51,810,990100,0,36.849434,-75.972143
51,820,3100,1116,38.069111,-78.889849
51,820,3200,5093,38.067601,-78.876284
51,820,3300,4993,38.081719,-78.891128
51,820,3400,5583,38.074759,-78.906529
51,820,3500,5411,38.065341,-78.918998
51,830,370100,5119,37.262903,-76.707639
51,830,370200,2928,37.280748,-76.686312
51,830,370300,7378,37.28161,-76.721929
51,840,101,3267,39.185299,-78.147955
51,840,102,3812,39.187188,-78.15755
51,840,201,3679,39.194433,-78.171097
51,840,202,5987,39.175153,-78.182033
51,840,301,5261,39.172422,-78.165781
51,840,302,6114,39.152141,-78.183836
